event_id,store_id,campaign_id,product_code,base_price,promo_type,quantity_sold_before_promo,quantity_sold_after_promo,Adjusted_quantity,promo_price
7f650b,STCBE-2,CAMP_SAN_01,P11,190,"50% OFF",34,52,52,95
a21f91,STBLR-8,CAMP_DIW_01,P03,156,"25% OFF",393,322,322,117
78bc80,STVJD-0,CAMP_SAN_01,P07,300,BOGOF,22,85,170,150
a1503f,STCBE-1,CAMP_DIW_01,P15,3000,"500 Cashback",329,1000,1000,2500
1091cf,STBLR-6,CAMP_DIW_01,P05,55,"25% OFF",108,93,93,41
8.02E+96,STBLR-4,CAMP_DIW_01,P11,190,"50% OFF",91,116,116,95
73d86f,STVSK-2,CAMP_SAN_01,P10,50,"25% OFF",31,26,26,38
fe3560,STHYD-4,CAMP_DIW_01,P13,350,BOGOF,73,245,490,175
6b2afc,STCBE-4,CAMP_SAN_01,P08,1190,BOGOF,30,79,158,595
ce5851,STMDU-2,CAMP_SAN_01,P03,200,BOGOF,318,1265,2530,100
dd6685,STMYS-2,CAMP_DIW_01,P06,415,"25% OFF",78,70,70,311
8f25a6,STHYD-6,CAMP_SAN_01,P15,3000,"500 Cashback",126,302,302,2500
5c3c33,STCHE-6,CAMP_DIW_01,P12,62,"50% OFF",154,207,207,31
d290a1,STBLR-3,CAMP_DIW_01,P04,290,"25% OFF",343,270,270,218
635862,STVSK-4,CAMP_SAN_01,P02,860,"33% OFF",348,480,480,576
c0ecb5,STCHE-2,CAMP_SAN_01,P07,300,BOGOF,43,167,334,150
182caa,STCHE-5,CAMP_SAN_01,P06,415,"25% OFF",39,33,33,311
c4db5b,STTRV-0,CAMP_DIW_01,P01,172,"33% OFF",164,236,236,115
94f48c,STVSK-1,CAMP_SAN_01,P06,415,"25% OFF",22,16,16,311
7ef92f,STHYD-5,CAMP_SAN_01,P07,300,BOGOF,55,213,426,150
0f422c,STBLR-0,CAMP_DIW_01,P14,1020,BOGOF,42,168,336,510
1e9a06,STCHE-4,CAMP_DIW_01,P13,350,BOGOF,84,338,676,175
02ebe9,STBLR-8,CAMP_DIW_01,P11,190,"50% OFF",66,88,88,95
260ff2,STMYS-2,CAMP_SAN_01,P01,172,"33% OFF",204,291,291,115
7fc923,STTRV-0,CAMP_SAN_01,P08,1190,BOGOF,19,74,148,595
b08c12,STMDU-3,CAMP_DIW_01,P03,156,"25% OFF",227,202,202,117
ca7298,STCBE-2,CAMP_SAN_01,P15,3000,"500 Cashback",85,228,228,2500
bf33ae,STMYS-0,CAMP_DIW_01,P14,1020,BOGOF,59,182,364,510
35fb5b,STCBE-2,CAMP_DIW_01,P13,350,BOGOF,50,190,380,175
def6ff,STMDU-0,CAMP_DIW_01,P11,190,"50% OFF",70,89,89,95
2f3e5d,STCHE-2,CAMP_SAN_01,P01,172,"33% OFF",333,402,402,115
ca3893,STMYS-1,CAMP_SAN_01,P09,90,"25% OFF",52,39,39,68
922e6a,STBLR-8,CAMP_SAN_01,P05,55,"25% OFF",34,24,24,41
4f0587,STMDU-0,CAMP_SAN_01,P08,1190,BOGOF,33,136,272,595
fa5b45,STVJD-1,CAMP_SAN_01,P08,1190,BOGOF,27,109,218,595
df45ee,STHYD-3,CAMP_DIW_01,P01,172,"33% OFF",309,534,534,115
f3ac85,STBLR-5,CAMP_SAN_01,P03,200,BOGOF,348,1350,2700,100
292ca5,STHYD-2,CAMP_DIW_01,P04,290,"25% OFF",287,220,220,218
620715,STMYS-3,CAMP_SAN_01,P03,200,BOGOF,340,1485,2970,100
7e9777,STVJD-1,CAMP_DIW_01,P08,1190,BOGOF,24,82,164,595
761785,STBLR-4,CAMP_SAN_01,P14,1020,BOGOF,121,474,948,510
eb3bea,STVSK-2,CAMP_SAN_01,P15,3000,"500 Cashback",109,238,238,2500
276150,STCBE-3,CAMP_SAN_01,P07,300,BOGOF,33,128,256,150
3beb46,STMYS-2,CAMP_SAN_01,P13,350,BOGOF,81,208,416,175
47af00,STVJD-1,CAMP_DIW_01,P03,156,"25% OFF",183,150,150,117
627200,STCBE-4,CAMP_DIW_01,P14,1020,BOGOF,36,111,222,510
bc8315,STHYD-1,CAMP_DIW_01,P12,62,"50% OFF",122,135,135,31
1f083a,STVJD-0,CAMP_SAN_01,P06,415,"25% OFF",16,14,14,311
c1e0b6,STCHE-6,CAMP_SAN_01,P01,172,"33% OFF",273,379,379,115
f60d93,STCBE-0,CAMP_DIW_01,P05,55,"25% OFF",78,75,75,41
a10402,STVSK-2,CAMP_SAN_01,P02,860,"33% OFF",295,436,436,576
741bef,STMYS-0,CAMP_SAN_01,P13,350,BOGOF,114,287,574,175
105788,STCHE-0,CAMP_SAN_01,P07,300,BOGOF,58,232,464,150
a85a9a,STHYD-2,CAMP_SAN_01,P10,50,"25% OFF",42,31,31,38
4.47E+06,STVJD-0,CAMP_SAN_01,P04,370,BOGOF,253,1017,2034,185
830e9a,STCHE-1,CAMP_DIW_01,P01,172,"33% OFF",325,396,396,115
29524a,STBLR-9,CAMP_SAN_01,P10,50,"25% OFF",40,36,36,38
3ce076,STMLR-1,CAMP_DIW_01,P11,190,"50% OFF",38,50,50,95
32fa85,STCHE-3,CAMP_DIW_01,P05,55,"25% OFF",106,92,92,41
42f304,STCBE-3,CAMP_DIW_01,P06,415,"25% OFF",66,57,57,311
a929ed,STHYD-5,CAMP_DIW_01,P03,156,"25% OFF",358,347,347,117
6dae49,STBLR-1,CAMP_DIW_01,P05,55,"25% OFF",117,114,114,41
3b54c7,STHYD-3,CAMP_DIW_01,P04,290,"25% OFF",367,297,297,218
7d6e2a,STMLR-0,CAMP_DIW_01,P03,156,"25% OFF",166,146,146,117
c8ce63,STMDU-0,CAMP_DIW_01,P15,3000,"500 Cashback",369,1221,1221,2500
bd1314,STMYS-2,CAMP_SAN_01,P05,55,"25% OFF",37,30,30,41
7634c0,STMLR-0,CAMP_SAN_01,P10,50,"25% OFF",15,12,12,38
d304f9,STCHE-5,CAMP_DIW_01,P04,290,"25% OFF",309,268,268,218
34ac29,STMDU-0,CAMP_DIW_01,P06,415,"25% OFF",73,64,64,311
57a7bc,STHYD-5,CAMP_SAN_01,P14,1020,BOGOF,100,391,782,510
70e65e,STCBE-0,CAMP_DIW_01,P15,3000,"500 Cashback",320,937,937,2500
cf2a34,STHYD-3,CAMP_DIW_01,P06,415,"25% OFF",106,81,81,311
1c1cb7,STHYD-5,CAMP_SAN_01,P10,50,"25% OFF",39,35,35,38
8.25E+90,STBLR-3,CAMP_DIW_01,P05,55,"25% OFF",112,88,88,41
ad56bd,STMLR-2,CAMP_DIW_01,P09,110,"50% OFF",36,37,37,55
32efe6,STVSK-3,CAMP_SAN_01,P08,1190,BOGOF,30,81,162,595
eaa64b,STBLR-3,CAMP_SAN_01,P09,90,"25% OFF",58,43,43,68
9e82db,STMDU-1,CAMP_DIW_01,P05,55,"25% OFF",92,79,79,41
d5b8af,STVJD-1,CAMP_SAN_01,P11,190,"50% OFF",25,35,35,95
6d24bc,STMDU-2,CAMP_DIW_01,P03,156,"25% OFF",206,179,179,117
107747,STHYD-1,CAMP_SAN_01,P02,860,"33% OFF",488,580,580,576
04da18,STVSK-4,CAMP_SAN_01,P03,200,BOGOF,223,604,1208,100
3a3e96,STBLR-6,CAMP_DIW_01,P07,300,BOGOF,68,263,526,150
8f1624,STVJD-0,CAMP_DIW_01,P10,65,"50% OFF",57,75,75,33
b8269b,STBLR-1,CAMP_DIW_01,P13,350,BOGOF,77,232,464,175
c6ca4d,STHYD-2,CAMP_SAN_01,P02,860,"33% OFF",465,646,646,576
987463,STBLR-0,CAMP_SAN_01,P07,300,BOGOF,45,185,370,150
0b51fe,STHYD-3,CAMP_SAN_01,P10,50,"25% OFF",39,29,29,38
d1ceaf,STBLR-5,CAMP_SAN_01,P10,50,"25% OFF",36,29,29,38
d834f0,STMYS-3,CAMP_SAN_01,P08,1190,BOGOF,34,147,294,595
1ed982,STCHE-6,CAMP_DIW_01,P13,350,BOGOF,75,252,504,175
e9c690,STMDU-3,CAMP_SAN_01,P09,90,"25% OFF",45,38,38,68
268ca2,STVJD-0,CAMP_SAN_01,P15,3000,"500 Cashback",63,151,151,2500
a1624e,STHYD-1,CAMP_DIW_01,P02,860,"33% OFF",351,449,449,576
31b59d,STVSK-3,CAMP_SAN_01,P10,50,"25% OFF",27,21,21,38
82454e,STMLR-1,CAMP_DIW_01,P05,55,"25% OFF",54,48,48,41
1548f8,STVSK-4,CAMP_SAN_01,P15,3000,"500 Cashback",100,175,175,2500
84a2f4,STCHE-7,CAMP_SAN_01,P04,370,BOGOF,423,1801,3602,185
9e59d5,STVSK-1,CAMP_DIW_01,P05,55,"25% OFF",64,49,49,41
873333,STMLR-0,CAMP_DIW_01,P15,3000,"500 Cashback",196,509,509,2500
8b751b,STMLR-0,CAMP_SAN_01,P05,55,"25% OFF",15,12,12,41
f856b9,STMLR-2,CAMP_SAN_01,P15,3000,"500 Cashback",66,147,147,2500
dcaa89,STHYD-6,CAMP_SAN_01,P13,350,BOGOF,100,403,806,175
677e2c,STHYD-1,CAMP_SAN_01,P13,350,BOGOF,122,326,652,175
b00eeb,STCHE-0,CAMP_SAN_01,P08,1190,BOGOF,51,196,392,595
8ff468,STVJD-0,CAMP_SAN_01,P03,200,BOGOF,193,773,1546,100
72f6b4,STTRV-0,CAMP_SAN_01,P02,860,"33% OFF",241,344,344,576
300664,STHYD-5,CAMP_DIW_01,P13,350,BOGOF,80,276,552,175
7ecbbb,STHYD-1,CAMP_DIW_01,P06,415,"25% OFF",103,88,88,311
2dc515,STMYS-3,CAMP_SAN_01,P01,172,"33% OFF",232,294,294,115
a4fb0b,STMDU-0,CAMP_SAN_01,P02,860,"33% OFF",318,448,448,576
f2d198,STTRV-1,CAMP_DIW_01,P03,156,"25% OFF",166,157,157,117
df5c15,STBLR-5,CAMP_DIW_01,P06,415,"25% OFF",101,90,90,311
4e6a19,STHYD-3,CAMP_SAN_01,P07,300,BOGOF,45,121,242,150
6436da,STMDU-1,CAMP_SAN_01,P08,1190,BOGOF,30,118,236,595
852b4f,STHYD-5,CAMP_SAN_01,P12,62,"50% OFF",49,70,70,31
26322a,STMLR-0,CAMP_DIW_01,P10,65,"50% OFF",52,71,71,33
57576d,STBLR-5,CAMP_SAN_01,P08,1190,BOGOF,49,194,388,595
af646e,STHYD-4,CAMP_SAN_01,P11,190,"50% OFF",54,78,78,95
ccbc3a,STTRV-0,CAMP_DIW_01,P06,415,"25% OFF",52,49,49,311
572031,STBLR-6,CAMP_SAN_01,P03,200,BOGOF,423,1734,3468,100
5a21a5,STBLR-4,CAMP_SAN_01,P10,50,"25% OFF",31,26,26,38
c6bf42,STCBE-3,CAMP_DIW_01,P07,300,BOGOF,52,173,346,150
f5ff07,STCHE-6,CAMP_DIW_01,P11,190,"50% OFF",80,100,100,95
2c8137,STVSK-3,CAMP_SAN_01,P07,300,BOGOF,31,77,154,150
4e3a3d,STVJD-0,CAMP_DIW_01,P02,860,"33% OFF",197,285,285,576
582098,STMYS-1,CAMP_SAN_01,P14,1020,BOGOF,109,453,906,510
9387d1,STHYD-6,CAMP_DIW_01,P02,860,"33% OFF",329,470,470,576
6c9451,STVSK-0,CAMP_DIW_01,P03,156,"25% OFF",259,225,225,117
9c74f7,STBLR-9,CAMP_DIW_01,P09,110,"50% OFF",71,90,90,55
c3bbcc,STBLR-2,CAMP_SAN_01,P07,300,BOGOF,31,122,244,150
00a25a,STCHE-3,CAMP_SAN_01,P12,62,"50% OFF",64,89,89,31
7b0f7d,STVJD-1,CAMP_DIW_01,P01,172,"33% OFF",180,255,255,115
b484bd,STTRV-1,CAMP_DIW_01,P06,415,"25% OFF",36,34,34,311
3aaafb,STMDU-2,CAMP_DIW_01,P06,415,"25% OFF",50,43,43,311
20d916,STCBE-1,CAMP_DIW_01,P07,300,BOGOF,57,188,376,150
eccfbe,STCHE-1,CAMP_DIW_01,P02,860,"33% OFF",364,451,451,576
71a7a0,STCHE-6,CAMP_DIW_01,P14,1020,BOGOF,59,195,390,510
fd2628,STBLR-8,CAMP_DIW_01,P15,3000,"500 Cashback",437,1306,1306,2500
7b187a,STVSK-1,CAMP_SAN_01,P14,1020,BOGOF,82,322,644,510
345b49,STMDU-2,CAMP_SAN_01,P14,1020,BOGOF,76,300,600,510
1c4a78,STMLR-2,CAMP_SAN_01,P12,62,"50% OFF",27,31,31,31
70c312,STHYD-4,CAMP_SAN_01,P13,350,BOGOF,135,534,1068,175
1ee94b,STHYD-0,CAMP_DIW_01,P13,350,BOGOF,68,235,470,175
c381ea,STMLR-1,CAMP_SAN_01,P08,1190,BOGOF,27,106,212,595
8724c8,STCBE-4,CAMP_SAN_01,P04,370,BOGOF,363,990,1980,185
8f3699,STVSK-3,CAMP_DIW_01,P03,156,"25% OFF",196,174,174,117
bfb2b4,STBLR-7,CAMP_SAN_01,P13,350,BOGOF,133,559,1118,175
19e2f0,STCHE-7,CAMP_SAN_01,P11,190,"50% OFF",58,81,81,95
a0d919,STMDU-1,CAMP_DIW_01,P08,1190,BOGOF,35,122,244,595
98c85b,STMLR-2,CAMP_DIW_01,P13,350,BOGOF,38,133,266,175
d60641,STHYD-0,CAMP_DIW_01,P03,156,"25% OFF",351,305,305,117
a340fc,STBLR-4,CAMP_DIW_01,P05,55,"25% OFF",136,121,121,41
4dca21,STVSK-1,CAMP_SAN_01,P04,370,BOGOF,252,985,1970,185
ff18f2,STVSK-3,CAMP_DIW_01,P15,3000,"500 Cashback",260,681,681,2500
b79fd9,STVJD-1,CAMP_DIW_01,P04,290,"25% OFF",150,123,123,218
c23e33,STHYD-6,CAMP_SAN_01,P11,190,"50% OFF",49,69,69,95
cf734f,STHYD-4,CAMP_SAN_01,P08,1190,BOGOF,51,203,406,595
0951b6,STMYS-1,CAMP_DIW_01,P09,110,"50% OFF",103,159,159,55
413f48,STVSK-0,CAMP_SAN_01,P14,1020,BOGOF,61,234,468,510
de1ced,STCHE-3,CAMP_DIW_01,P03,156,"25% OFF",330,290,290,117
291ddf,STCBE-1,CAMP_SAN_01,P03,200,BOGOF,267,1054,2108,100
aa1bbd,STCBE-0,CAMP_SAN_01,P10,50,"25% OFF",25,22,22,38
53a947,STBLR-1,CAMP_SAN_01,P06,415,"25% OFF",39,36,36,311
b8f698,STMDU-3,CAMP_DIW_01,P10,65,"50% OFF",68,76,76,33
13ad42,STMDU-0,CAMP_DIW_01,P03,156,"25% OFF",241,209,209,117
93e61f,STBLR-4,CAMP_DIW_01,P10,65,"50% OFF",92,120,120,33
3070a3,STVSK-3,CAMP_DIW_01,P10,65,"50% OFF",68,76,76,33
cf0a2a,STHYD-3,CAMP_DIW_01,P09,110,"50% OFF",92,147,147,55
ae5745,STCBE-4,CAMP_DIW_01,P06,415,"25% OFF",68,61,61,311
695cd9,STTRV-1,CAMP_SAN_01,P07,300,BOGOF,21,82,164,150
b76614,STMLR-0,CAMP_SAN_01,P12,62,"50% OFF",33,47,47,31
d42636,STBLR-6,CAMP_SAN_01,P05,55,"25% OFF",25,20,20,41
d9d3f4,STMYS-1,CAMP_DIW_01,P10,65,"50% OFF",103,158,158,33
8cbaa3,STHYD-2,CAMP_SAN_01,P08,1190,BOGOF,60,238,476,595
aaea9e,STTRV-0,CAMP_DIW_01,P10,65,"50% OFF",68,93,93,33
34a266,STMLR-0,CAMP_DIW_01,P08,1190,BOGOF,24,70,140,595
b017e0,STMDU-3,CAMP_DIW_01,P02,860,"33% OFF",276,345,345,576
7014a8,STBLR-8,CAMP_SAN_01,P14,1020,BOGOF,97,385,770,510
9e2de4,STMLR-0,CAMP_SAN_01,P07,300,BOGOF,21,54,108,150
ec29f9,STTRV-1,CAMP_SAN_01,P06,415,"25% OFF",21,19,19,311
5c50b6,STHYD-6,CAMP_SAN_01,P09,90,"25% OFF",55,45,45,68
e2a523,STHYD-5,CAMP_DIW_01,P07,300,BOGOF,59,195,390,150
166a02,STCHE-6,CAMP_SAN_01,P13,350,BOGOF,111,445,890,175
61b929,STVSK-2,CAMP_DIW_01,P14,1020,BOGOF,33,109,218,510
908a96,STHYD-4,CAMP_SAN_01,P12,62,"50% OFF",52,72,72,31
d0f417,STCBE-4,CAMP_DIW_01,P12,62,"50% OFF",89,112,112,31
c4b10c,STCHE-5,CAMP_DIW_01,P06,415,"25% OFF",87,77,77,311
e39703,STBLR-9,CAMP_DIW_01,P08,1190,BOGOF,47,163,326,595
1.11E+11,STMYS-3,CAMP_SAN_01,P11,190,"50% OFF",43,48,48,95
029ff8,STMLR-0,CAMP_SAN_01,P01,172,"33% OFF",169,236,236,115
daff65,STMLR-0,CAMP_DIW_01,P11,190,"50% OFF",35,45,45,95
108a63,STHYD-3,CAMP_SAN_01,P05,55,"25% OFF",30,22,22,41
e7d681,STCHE-5,CAMP_DIW_01,P13,350,BOGOF,66,226,452,175
02fa4b,STVSK-4,CAMP_DIW_01,P01,172,"33% OFF",155,218,218,115
2b0a40,STHYD-2,CAMP_DIW_01,P13,350,BOGOF,82,273,546,175
406a98,STBLR-5,CAMP_SAN_01,P01,172,"33% OFF",264,361,361,115
ad1849,STCHE-1,CAMP_DIW_01,P05,55,"25% OFF",119,107,107,41
cfa879,STCHE-4,CAMP_SAN_01,P13,350,BOGOF,114,502,1004,175
d2b963,STVJD-0,CAMP_SAN_01,P14,1020,BOGOF,48,187,374,510
2e3393,STCHE-3,CAMP_SAN_01,P14,1020,BOGOF,112,460,920,510
68718c,STCHE-0,CAMP_DIW_01,P04,290,"25% OFF",309,265,265,218
591730,STBLR-2,CAMP_SAN_01,P09,90,"25% OFF",64,53,53,68
7d1872,STMYS-2,CAMP_DIW_01,P02,860,"33% OFF",283,430,430,576
4b3df6,STTRV-1,CAMP_SAN_01,P14,1020,BOGOF,61,234,468,510
55b461,STMDU-0,CAMP_SAN_01,P06,415,"25% OFF",21,17,17,311
6b26bc,STHYD-2,CAMP_SAN_01,P05,55,"25% OFF",24,18,18,41
dbd453,STMLR-1,CAMP_SAN_01,P03,200,BOGOF,195,776,1552,100
1fcb3a,STVSK-4,CAMP_DIW_01,P05,55,"25% OFF",89,72,72,41
0a45d8,STTRV-0,CAMP_DIW_01,P02,860,"33% OFF",196,303,303,576
e4235a,STVJD-0,CAMP_SAN_01,P09,90,"25% OFF",33,30,30,68
ca1e8f,STHYD-1,CAMP_DIW_01,P08,1190,BOGOF,54,167,334,595
aa76f1,STHYD-0,CAMP_SAN_01,P11,190,"50% OFF",42,65,65,95
e8aca2,STCBE-4,CAMP_DIW_01,P08,1190,BOGOF,40,119,238,595
c8670a,STCHE-0,CAMP_DIW_01,P15,3000,"500 Cashback",343,1056,1056,2500
c99d18,STCHE-7,CAMP_DIW_01,P08,1190,BOGOF,54,218,436,595
bcbc28,STVSK-1,CAMP_DIW_01,P02,860,"33% OFF",253,389,389,576
d7e3d8,STVJD-1,CAMP_DIW_01,P13,350,BOGOF,36,124,248,175
5991de,STMDU-0,CAMP_DIW_01,P09,110,"50% OFF",43,58,58,55
4ad894,STMLR-1,CAMP_DIW_01,P03,156,"25% OFF",192,165,165,117
72f1c0,STVSK-4,CAMP_DIW_01,P11,190,"50% OFF",57,72,72,95
465ef1,STCHE-4,CAMP_DIW_01,P04,290,"25% OFF",304,273,273,218
db76f3,STBLR-0,CAMP_DIW_01,P01,172,"33% OFF",294,438,438,115
8f4f8c,STVJD-1,CAMP_DIW_01,P02,860,"33% OFF",210,321,321,576
dd2475,STBLR-4,CAMP_DIW_01,P04,290,"25% OFF",325,289,289,218
a0a2ec,STBLR-8,CAMP_SAN_01,P01,172,"33% OFF",346,491,491,115
0f1be6,STCBE-2,CAMP_DIW_01,P12,62,"50% OFF",89,129,129,31
5b357f,STMDU-1,CAMP_DIW_01,P15,3000,"500 Cashback",322,985,985,2500
380012,STMDU-3,CAMP_DIW_01,P06,415,"25% OFF",56,50,50,311
3906da,STMLR-2,CAMP_SAN_01,P09,90,"25% OFF",33,27,27,68
c917a3,STCHE-3,CAMP_DIW_01,P04,290,"25% OFF",350,311,311,218
3a8b79,STMDU-0,CAMP_DIW_01,P07,300,BOGOF,49,199,398,150
c48008,STBLR-2,CAMP_DIW_01,P14,1020,BOGOF,47,162,324,510
88a405,STMLR-2,CAMP_DIW_01,P12,62,"50% OFF",63,71,71,31
1ba928,STMDU-1,CAMP_DIW_01,P04,290,"25% OFF",255,219,219,218
7d5e81,STCHE-5,CAMP_SAN_01,P07,300,BOGOF,43,167,334,150
43feca,STMDU-3,CAMP_DIW_01,P13,350,BOGOF,56,184,368,175
9779b0,STVSK-2,CAMP_DIW_01,P10,65,"50% OFF",85,128,128,33
bd2635,STHYD-5,CAMP_DIW_01,P04,290,"25% OFF",327,310,310,218
4f255c,STHYD-1,CAMP_SAN_01,P08,1190,BOGOF,52,134,268,595
386fdc,STVSK-1,CAMP_DIW_01,P01,172,"33% OFF",257,364,364,115
3df185,STCBE-2,CAMP_DIW_01,P11,190,"50% OFF",40,62,62,95
a37f93,STVSK-3,CAMP_DIW_01,P14,1020,BOGOF,38,117,234,510
939435,STMLR-2,CAMP_SAN_01,P07,300,BOGOF,24,96,192,150
38b760,STMDU-0,CAMP_DIW_01,P14,1020,BOGOF,33,126,252,510
660f7c,STMYS-1,CAMP_SAN_01,P07,300,BOGOF,43,186,372,150
5c8b9f,STMDU-1,CAMP_DIW_01,P01,172,"33% OFF",187,289,289,115
9.57E+11,STHYD-1,CAMP_SAN_01,P15,3000,"500 Cashback",103,177,177,2500
ddddb3,STBLR-2,CAMP_DIW_01,P09,110,"50% OFF",103,136,136,55
90b2fb,STCHE-6,CAMP_DIW_01,P07,300,BOGOF,59,201,402,150
cf9994,STCHE-5,CAMP_SAN_01,P10,50,"25% OFF",37,31,31,38
fb4f00,STCHE-0,CAMP_DIW_01,P11,190,"50% OFF",80,102,102,95
b41e58,STCBE-4,CAMP_DIW_01,P02,860,"33% OFF",255,377,377,576
567271,STMDU-0,CAMP_DIW_01,P10,65,"50% OFF",78,102,102,33
902a62,STHYD-2,CAMP_DIW_01,P06,415,"25% OFF",96,77,77,311
da5d21,STBLR-9,CAMP_DIW_01,P10,65,"50% OFF",92,125,125,33
8f2264,STBLR-7,CAMP_DIW_01,P12,62,"50% OFF",124,184,184,31
1e2a0e,STBLR-9,CAMP_DIW_01,P01,172,"33% OFF",329,467,467,115
7a6449,STHYD-3,CAMP_DIW_01,P10,65,"50% OFF",131,203,203,33
6.24E+11,STMLR-0,CAMP_SAN_01,P03,200,BOGOF,206,541,1082,100
5aa413,STCHE-1,CAMP_SAN_01,P08,1190,BOGOF,43,109,218,595
11a64e,STCHE-7,CAMP_SAN_01,P06,415,"25% OFF",31,28,28,311
67820e,STBLR-0,CAMP_SAN_01,P10,50,"25% OFF",31,25,25,38
cd0d8e,STMDU-2,CAMP_DIW_01,P11,190,"50% OFF",66,77,77,95
ee63b3,STHYD-4,CAMP_DIW_01,P02,860,"33% OFF",362,521,521,576
abffa2,STCHE-5,CAMP_DIW_01,P07,300,BOGOF,59,206,412,150
5487a6,STBLR-0,CAMP_DIW_01,P03,156,"25% OFF",358,315,315,117
0a4160,STCHE-7,CAMP_DIW_01,P03,156,"25% OFF",330,323,323,117
6422b4,STCBE-0,CAMP_DIW_01,P01,172,"33% OFF",255,425,425,115
6c7601,STCBE-2,CAMP_SAN_01,P14,1020,BOGOF,78,334,668,510
d3575d,STMLR-2,CAMP_DIW_01,P02,860,"33% OFF",210,268,268,576
75ad53,STVJD-1,CAMP_DIW_01,P05,55,"25% OFF",59,48,48,41
a08c5e,STMYS-2,CAMP_DIW_01,P05,55,"25% OFF",99,88,88,41
d8a4ae,STBLR-0,CAMP_SAN_01,P05,55,"25% OFF",28,22,22,41
14f1e9,STBLR-4,CAMP_DIW_01,P08,1190,BOGOF,49,163,326,595
11178a,STCBE-0,CAMP_DIW_01,P07,300,BOGOF,36,118,236,150
62775f,STCHE-2,CAMP_DIW_01,P07,300,BOGOF,59,196,392,150
5.88E+11,STHYD-3,CAMP_DIW_01,P12,62,"50% OFF",112,178,178,31
4fca07,STMLR-2,CAMP_SAN_01,P01,172,"33% OFF",183,215,215,115
a216f7,STCBE-2,CAMP_DIW_01,P06,415,"25% OFF",77,68,68,311
18a68a,STMLR-0,CAMP_DIW_01,P01,172,"33% OFF",173,250,250,115
1f5ed3,STVSK-1,CAMP_SAN_01,P08,1190,BOGOF,33,131,262,595
58e374,STBLR-0,CAMP_DIW_01,P07,300,BOGOF,64,250,500,150
f7aec5,STCHE-5,CAMP_SAN_01,P13,350,BOGOF,87,341,682,175
f4192d,STMYS-1,CAMP_DIW_01,P11,190,"50% OFF",84,121,121,95
a71e7c,STCBE-2,CAMP_SAN_01,P12,62,"50% OFF",33,51,51,31
f49149,STMYS-0,CAMP_SAN_01,P06,415,"25% OFF",27,22,22,311
e7cb59,STCHE-3,CAMP_DIW_01,P11,190,"50% OFF",96,120,120,95
8b1147,STVSK-0,CAMP_SAN_01,P15,3000,"500 Cashback",73,170,170,2500
8d349f,STCBE-4,CAMP_SAN_01,P10,50,"25% OFF",22,18,18,38
096adc,STBLR-8,CAMP_SAN_01,P02,860,"33% OFF",441,626,626,576
5f0a89,STBLR-3,CAMP_SAN_01,P15,3000,"500 Cashback",114,249,249,2500
127984,STMLR-2,CAMP_DIW_01,P04,290,"25% OFF",141,125,125,218
e8a904,STCHE-7,CAMP_DIW_01,P05,55,"25% OFF",112,107,107,41
f1b7e9,STCHE-3,CAMP_DIW_01,P14,1020,BOGOF,52,211,422,510
62d659,STHYD-6,CAMP_DIW_01,P10,65,"50% OFF",105,137,137,33
333b7d,STHYD-6,CAMP_DIW_01,P08,1190,BOGOF,49,166,332,595
da9b71,STVSK-1,CAMP_DIW_01,P06,415,"25% OFF",63,51,51,311
463205,STVSK-2,CAMP_DIW_01,P02,860,"33% OFF",215,371,371,576
2b0db4,STMLR-2,CAMP_DIW_01,P14,1020,BOGOF,21,73,146,510
003e8d,STCHE-3,CAMP_DIW_01,P02,860,"33% OFF",371,519,519,576
b0ab6c,STHYD-4,CAMP_SAN_01,P06,415,"25% OFF",34,31,31,311
2d7f62,STCHE-2,CAMP_SAN_01,P11,190,"50% OFF",58,68,68,95
58df9b,STCBE-2,CAMP_DIW_01,P02,860,"33% OFF",183,327,327,576
f22294,STMYS-1,CAMP_SAN_01,P01,172,"33% OFF",345,520,520,115
6.88E+10,STVJD-0,CAMP_SAN_01,P08,1190,BOGOF,22,88,176,595
41b8f8,STBLR-0,CAMP_DIW_01,P08,1190,BOGOF,56,220,440,595
7.34E+11,STCHE-0,CAMP_DIW_01,P06,415,"25% OFF",105,92,92,311
cbe691,STBLR-0,CAMP_DIW_01,P10,65,"50% OFF",103,134,134,33
0f2c3a,STCBE-0,CAMP_SAN_01,P07,300,BOGOF,30,117,234,150
5ae6d6,STBLR-1,CAMP_SAN_01,P09,90,"25% OFF",82,74,74,68
a9ee19,STBLR-1,CAMP_SAN_01,P08,1190,BOGOF,58,158,316,595
4ab9ba,STTRV-1,CAMP_SAN_01,P01,172,"33% OFF",165,232,232,115
3164ea,STMDU-2,CAMP_SAN_01,P01,172,"33% OFF",265,328,328,115
7bdc1e,STVSK-4,CAMP_DIW_01,P07,300,BOGOF,50,149,298,150
565a38,STTRV-0,CAMP_SAN_01,P07,300,BOGOF,30,117,234,150
ab3517,STTRV-1,CAMP_SAN_01,P04,370,BOGOF,190,733,1466,185
1b295f,STCHE-5,CAMP_DIW_01,P12,62,"50% OFF",110,130,130,31
a55960,STBLR-1,CAMP_DIW_01,P08,1190,BOGOF,50,149,298,595
5a0c33,STCBE-2,CAMP_DIW_01,P10,65,"50% OFF",87,127,127,33
74d23a,STCHE-0,CAMP_DIW_01,P07,300,BOGOF,75,252,504,150
d105db,STCBE-4,CAMP_SAN_01,P07,300,BOGOF,43,111,222,150
1620ea,STMYS-3,CAMP_DIW_01,P06,415,"25% OFF",101,89,89,311
2177f8,STMDU-0,CAMP_DIW_01,P04,290,"25% OFF",234,208,208,218
609bfd,STBLR-1,CAMP_DIW_01,P12,62,"50% OFF",129,170,170,31
0013db,STBLR-1,CAMP_SAN_01,P02,860,"33% OFF",435,622,622,576
6f3e24,STHYD-6,CAMP_DIW_01,P15,3000,"500 Cashback",388,1129,1129,2500
79a95a,STHYD-3,CAMP_SAN_01,P15,3000,"500 Cashback",121,200,200,2500
8cd1ec,STCHE-1,CAMP_SAN_01,P13,350,BOGOF,124,324,648,175
e57227,STCHE-6,CAMP_SAN_01,P05,55,"25% OFF",25,18,18,41
79577d,STBLR-9,CAMP_DIW_01,P03,156,"25% OFF",348,337,337,117
dbaf92,STBLR-6,CAMP_SAN_01,P01,172,"33% OFF",301,454,454,115
27bc6e,STCBE-2,CAMP_DIW_01,P14,1020,BOGOF,42,160,320,510
53bb94,STHYD-2,CAMP_DIW_01,P02,860,"33% OFF",402,611,611,576
2fe1bb,STCHE-1,CAMP_SAN_01,P04,370,BOGOF,460,1168,2336,185
e553f2,STTRV-0,CAMP_DIW_01,P13,350,BOGOF,38,129,258,175
fc376a,STHYD-0,CAMP_SAN_01,P14,1020,BOGOF,106,422,844,510
fdd666,STMLR-0,CAMP_DIW_01,P06,415,"25% OFF",38,33,33,311
bbf357,STVSK-4,CAMP_SAN_01,P11,190,"50% OFF",40,57,57,95
d180ef,STBLR-7,CAMP_SAN_01,P01,172,"33% OFF",341,531,531,115
4888d5,STBLR-3,CAMP_DIW_01,P07,300,BOGOF,70,231,462,150
dead78,STVJD-0,CAMP_DIW_01,P12,62,"50% OFF",68,90,90,31
c198da,STMDU-2,CAMP_SAN_01,P06,415,"25% OFF",19,15,15,311
3cb389,STCHE-6,CAMP_DIW_01,P01,172,"33% OFF",309,460,460,115
667c78,STVSK-4,CAMP_SAN_01,P01,172,"33% OFF",223,301,301,115
02b894,STBLR-2,CAMP_SAN_01,P02,860,"33% OFF",477,658,658,576
1bff17,STCHE-6,CAMP_DIW_01,P05,55,"25% OFF",112,85,85,41
d6ff76,STMDU-2,CAMP_DIW_01,P14,1020,BOGOF,28,96,192,510
d1e51d,STCBE-4,CAMP_DIW_01,P07,300,BOGOF,42,130,260,150
8f2a5a,STVSK-2,CAMP_SAN_01,P11,190,"50% OFF",25,37,37,95
87be33,STBLR-6,CAMP_SAN_01,P13,350,BOGOF,120,516,1032,175
a1e541,STHYD-1,CAMP_DIW_01,P01,172,"33% OFF",311,385,385,115
6a1a5a,STVSK-0,CAMP_DIW_01,P15,3000,"500 Cashback",250,755,755,2500
361cfb,STMLR-0,CAMP_DIW_01,P14,1020,BOGOF,22,69,138,510
951bda,STBLR-9,CAMP_DIW_01,P07,300,BOGOF,63,213,426,150
a692dc,STCHE-1,CAMP_SAN_01,P01,172,"33% OFF",270,340,340,115
94953c,STMLR-2,CAMP_SAN_01,P06,415,"25% OFF",15,12,12,311
af100a,STMLR-2,CAMP_SAN_01,P03,200,BOGOF,190,752,1504,100
223d36,STMYS-0,CAMP_DIW_01,P10,65,"50% OFF",129,167,167,33
ff43bf,STHYD-2,CAMP_DIW_01,P11,190,"50% OFF",91,116,116,95
44838e,STVJD-1,CAMP_DIW_01,P06,415,"25% OFF",49,40,40,311
1fa488,STVJD-0,CAMP_DIW_01,P07,300,BOGOF,31,105,210,150
73211e,STCBE-1,CAMP_DIW_01,P01,172,"33% OFF",182,223,223,115
93a29e,STCHE-4,CAMP_SAN_01,P05,55,"25% OFF",28,22,22,41
ec5570,STVJD-1,CAMP_DIW_01,P10,65,"50% OFF",71,95,95,33
6ee2af,STHYD-3,CAMP_SAN_01,P02,860,"33% OFF",595,892,892,576
f3a7b2,STHYD-6,CAMP_SAN_01,P01,172,"33% OFF",306,416,416,115
2186aa,STCBE-3,CAMP_SAN_01,P05,55,"25% OFF",19,15,15,41
e7bdad,STMLR-1,CAMP_DIW_01,P14,1020,BOGOF,24,80,160,510
f90ae9,STCBE-0,CAMP_SAN_01,P13,350,BOGOF,82,323,646,175
348fe6,STBLR-8,CAMP_DIW_01,P01,172,"33% OFF",332,471,471,115
17d5c1,STCBE-0,CAMP_DIW_01,P13,350,BOGOF,52,173,346,175
8f5618,STBLR-1,CAMP_DIW_01,P04,290,"25% OFF",302,289,289,218
6bfa15,STCBE-2,CAMP_SAN_01,P06,415,"25% OFF",16,13,13,311
aac58d,STBLR-6,CAMP_DIW_01,P08,1190,BOGOF,52,204,408,595
ed0d01,STBLR-2,CAMP_DIW_01,P12,62,"50% OFF",108,145,145,31
0eb41f,STVSK-2,CAMP_SAN_01,P01,172,"33% OFF",232,364,364,115
9b8658,STHYD-5,CAMP_DIW_01,P11,190,"50% OFF",73,97,97,95
3bc352,STHYD-3,CAMP_DIW_01,P07,300,BOGOF,54,170,340,150
40f110,STBLR-9,CAMP_DIW_01,P12,62,"50% OFF",122,163,163,31
55fed8,STCBE-3,CAMP_DIW_01,P09,110,"50% OFF",40,60,60,55
c1cdb5,STCHE-0,CAMP_SAN_01,P15,3000,"500 Cashback",135,286,286,2500
c134bb,STBLR-8,CAMP_SAN_01,P07,300,BOGOF,51,205,410,150
2361c6,STBLR-0,CAMP_DIW_01,P06,415,"25% OFF",94,83,83,311
b44f0e,STHYD-2,CAMP_SAN_01,P15,3000,"500 Cashback",136,288,288,2500
607c9d,STCHE-2,CAMP_SAN_01,P02,860,"33% OFF",556,711,711,576
5ea63d,STCBE-3,CAMP_DIW_01,P12,62,"50% OFF",82,126,126,31
323aee,STVSK-0,CAMP_DIW_01,P07,300,BOGOF,36,119,238,150
114087,STHYD-3,CAMP_SAN_01,P06,415,"25% OFF",28,20,20,311
99482c,STBLR-8,CAMP_SAN_01,P08,1190,BOGOF,42,161,322,595
5ab1d5,STCHE-6,CAMP_DIW_01,P06,415,"25% OFF",98,76,76,311
97ad03,STCBE-1,CAMP_SAN_01,P02,860,"33% OFF",379,462,462,576
b666fa,STTRV-1,CAMP_DIW_01,P05,55,"25% OFF",57,55,55,41
da3c49,STMLR-2,CAMP_SAN_01,P02,860,"33% OFF",270,313,313,576
3459ec,STCHE-3,CAMP_SAN_01,P02,860,"33% OFF",468,636,636,576
7f81c2,STCHE-2,CAMP_DIW_01,P05,55,"25% OFF",91,88,88,41
b17786,STMLR-0,CAMP_SAN_01,P13,350,BOGOF,63,163,326,175
2cbc21,STHYD-1,CAMP_SAN_01,P09,90,"25% OFF",58,47,47,68
eacf93,STTRV-1,CAMP_SAN_01,P11,190,"50% OFF",24,34,34,95
0f184e,STVSK-0,CAMP_DIW_01,P05,55,"25% OFF",89,80,80,41
52ec61,STBLR-8,CAMP_DIW_01,P10,65,"50% OFF",133,172,172,33
541bef,STHYD-4,CAMP_SAN_01,P01,172,"33% OFF",234,322,322,115
86a92b,STMLR-2,CAMP_DIW_01,P11,190,"50% OFF",42,45,45,95
861116,STBLR-7,CAMP_DIW_01,P06,415,"25% OFF",96,84,84,311
c6d7c5,STMYS-3,CAMP_DIW_01,P12,62,"50% OFF",124,145,145,31
b58c2d,STMYS-0,CAMP_SAN_01,P02,860,"33% OFF",499,703,703,576
d59c23,STCBE-3,CAMP_DIW_01,P03,156,"25% OFF",252,224,224,117
68a7bc,STBLR-5,CAMP_DIW_01,P04,290,"25% OFF",322,276,276,218
f98db5,STBLR-2,CAMP_SAN_01,P15,3000,"500 Cashback",129,279,279,2500
ffaba4,STBLR-8,CAMP_SAN_01,P09,90,"25% OFF",46,33,33,68
f725c0,STCBE-3,CAMP_SAN_01,P03,200,BOGOF,228,898,1796,100
f8e037,STHYD-2,CAMP_DIW_01,P08,1190,BOGOF,52,175,350,595
b526b4,STCHE-7,CAMP_SAN_01,P02,860,"33% OFF",525,756,756,576
0491f4,STVSK-2,CAMP_DIW_01,P11,190,"50% OFF",38,58,58,95
879d99,STHYD-5,CAMP_DIW_01,P09,110,"50% OFF",92,124,124,55
ec3591,STCHE-1,CAMP_SAN_01,P09,90,"25% OFF",79,63,63,68
2db607,STCBE-1,CAMP_DIW_01,P14,1020,BOGOF,40,136,272,510
b78191,STBLR-3,CAMP_SAN_01,P14,1020,BOGOF,91,361,722,510
7b1d41,STMYS-2,CAMP_DIW_01,P14,1020,BOGOF,43,125,250,510
a6e691,STCHE-0,CAMP_SAN_01,P03,200,BOGOF,294,1134,2268,100
f21ef6,STMLR-1,CAMP_SAN_01,P06,415,"25% OFF",18,14,14,311
b999c5,STMYS-2,CAMP_SAN_01,P03,200,BOGOF,406,1015,2030,100
f6aa36,STVSK-3,CAMP_DIW_01,P06,415,"25% OFF",63,54,54,311
d78c78,STCHE-0,CAMP_DIW_01,P14,1020,BOGOF,52,182,364,510
12573c,STHYD-3,CAMP_SAN_01,P12,62,"50% OFF",64,100,100,31
38ebfb,STCBE-1,CAMP_SAN_01,P10,50,"25% OFF",27,20,20,38
5d23c1,STVSK-4,CAMP_SAN_01,P12,62,"50% OFF",40,58,58,31
449732,STBLR-9,CAMP_DIW_01,P05,55,"25% OFF",101,97,97,41
b83644,STBLR-6,CAMP_DIW_01,P11,190,"50% OFF",75,117,117,95
17537,STMDU-2,CAMP_SAN_01,P08,1190,BOGOF,33,129,258,595
ab8eb3,STHYD-6,CAMP_DIW_01,P06,415,"25% OFF",85,74,74,311
99ce6a,STVSK-3,CAMP_SAN_01,P03,200,BOGOF,250,687,1374,100
42b041,STBLR-1,CAMP_DIW_01,P01,172,"33% OFF",357,514,514,115
fd5955,STCBE-0,CAMP_DIW_01,P02,860,"33% OFF",313,541,541,576
9.33E+11,STBLR-3,CAMP_SAN_01,P08,1190,BOGOF,40,154,308,595
268b09,STMLR-1,CAMP_SAN_01,P13,350,BOGOF,49,189,378,175
dcaeaa,STBLR-7,CAMP_DIW_01,P04,290,"25% OFF",276,242,242,218
d31787,STMYS-2,CAMP_SAN_01,P10,50,"25% OFF",25,20,20,38
f34069,STBLR-9,CAMP_SAN_01,P09,90,"25% OFF",61,57,57,68
4f40ed,STCHE-5,CAMP_SAN_01,P02,860,"33% OFF",564,721,721,576
12bb06,STHYD-1,CAMP_DIW_01,P03,156,"25% OFF",351,319,319,117
5f2c41,STCHE-6,CAMP_DIW_01,P08,1190,BOGOF,54,185,370,595
e0de60,STHYD-6,CAMP_DIW_01,P03,156,"25% OFF",327,294,294,117
152ae4,STHYD-1,CAMP_SAN_01,P12,62,"50% OFF",51,57,57,31
8e6ee5,STMLR-0,CAMP_DIW_01,P05,55,"25% OFF",52,45,45,41
d0fd0e,STBLR-0,CAMP_SAN_01,P11,190,"50% OFF",43,62,62,95
4fa17c,STCHE-4,CAMP_DIW_01,P01,172,"33% OFF",327,503,503,115
bcf305,STCHE-5,CAMP_DIW_01,P09,110,"50% OFF",75,80,80,55
66050c,STCHE-6,CAMP_SAN_01,P08,1190,BOGOF,60,238,476,595
407f1c,STBLR-2,CAMP_SAN_01,P13,350,BOGOF,117,469,938,175
e12c11,STCHE-1,CAMP_SAN_01,P14,1020,BOGOF,112,294,588,510
46d57b,STBLR-9,CAMP_DIW_01,P13,350,BOGOF,94,329,658,175
e80ad8,STCHE-7,CAMP_DIW_01,P10,65,"50% OFF",136,179,179,33
f2bdcc,STBLR-4,CAMP_DIW_01,P01,172,"33% OFF",337,478,478,115
8d20b8,STBLR-5,CAMP_DIW_01,P09,110,"50% OFF",75,95,95,55
f88523,STTRV-1,CAMP_SAN_01,P05,55,"25% OFF",10,9,9,41
177b80,STMLR-0,CAMP_SAN_01,P14,1020,BOGOF,37,96,192,510
317699,STCHE-2,CAMP_SAN_01,P03,200,BOGOF,310,1246,2492,100
ef6d6d,STBLR-2,CAMP_SAN_01,P14,1020,BOGOF,88,346,692,510
1e51ee,STVSK-3,CAMP_SAN_01,P12,62,"50% OFF",43,51,51,31
c55ec9,STBLR-1,CAMP_SAN_01,P15,3000,"500 Cashback",136,220,220,2500
6bbadf,STHYD-1,CAMP_DIW_01,P14,1020,BOGOF,43,127,254,510
edaef4,STHYD-5,CAMP_SAN_01,P03,200,BOGOF,416,1630,3260,100
d3f755,STCBE-1,CAMP_SAN_01,P08,1190,BOGOF,43,171,342,595
0ba095,STCBE-1,CAMP_DIW_01,P03,156,"25% OFF",274,210,210,117
911349,STHYD-0,CAMP_DIW_01,P15,3000,"500 Cashback",397,1214,1214,2500
6d65d2,STBLR-8,CAMP_SAN_01,P04,370,BOGOF,480,1867,3734,185
4ab3bc,STHYD-2,CAMP_SAN_01,P09,90,"25% OFF",66,49,49,68
c22cf6,STCHE-6,CAMP_SAN_01,P12,62,"50% OFF",58,81,81,31
cc2182,STMDU-1,CAMP_DIW_01,P12,62,"50% OFF",85,117,117,31
bdf2b8,STVJD-1,CAMP_DIW_01,P12,62,"50% OFF",56,71,71,31
db8aa8,STTRV-1,CAMP_SAN_01,P03,200,BOGOF,193,746,1492,100
466d6c,STMYS-1,CAMP_SAN_01,P11,190,"50% OFF",31,50,50,95
6444b7,STCHE-2,CAMP_DIW_01,P06,415,"25% OFF",85,81,81,311
f1cd45,STVJD-1,CAMP_DIW_01,P11,190,"50% OFF",50,64,64,95
23421e,STBLR-2,CAMP_SAN_01,P12,62,"50% OFF",54,77,77,31
3c3c49,STCBE-2,CAMP_SAN_01,P08,1190,BOGOF,40,168,336,595
680acd,STHYD-3,CAMP_SAN_01,P11,190,"50% OFF",46,73,73,95
fe2fe7,STCHE-4,CAMP_DIW_01,P05,55,"25% OFF",127,115,115,41
e2abd2,STCHE-3,CAMP_DIW_01,P09,110,"50% OFF",73,92,92,55
7c51b1,STCBE-0,CAMP_DIW_01,P09,110,"50% OFF",59,89,89,55
494f1b,STVSK-2,CAMP_SAN_01,P13,350,BOGOF,94,374,748,175
144c17,STCHE-2,CAMP_DIW_01,P02,860,"33% OFF",411,509,509,576
28acbc,STBLR-2,CAMP_DIW_01,P10,65,"50% OFF",105,132,132,33
00af86,STCBE-0,CAMP_SAN_01,P06,415,"25% OFF",15,14,14,311
6321fa,STCHE-3,CAMP_SAN_01,P10,50,"25% OFF",31,26,26,38
6a7668,STCHE-4,CAMP_SAN_01,P15,3000,"500 Cashback",112,321,321,2500
c7fefa,STMDU-1,CAMP_SAN_01,P11,190,"50% OFF",28,40,40,95
c5f80e,STCHE-1,CAMP_DIW_01,P14,1020,BOGOF,43,125,250,510
86755e,STCHE-4,CAMP_SAN_01,P07,300,BOGOF,45,191,382,150
3.56E+10,STMDU-3,CAMP_SAN_01,P08,1190,BOGOF,36,145,290,595
a26b45,STBLR-3,CAMP_DIW_01,P01,172,"33% OFF",287,413,413,115
fe7b5d,STHYD-2,CAMP_SAN_01,P03,200,BOGOF,472,1902,3804,100
8d68bc,STHYD-2,CAMP_DIW_01,P03,156,"25% OFF",357,289,289,117
9bc176,STHYD-3,CAMP_SAN_01,P04,370,BOGOF,416,1085,2170,185
17df71,STHYD-0,CAMP_SAN_01,P08,1190,BOGOF,46,179,358,595
342d35,STCBE-3,CAMP_DIW_01,P08,1190,BOGOF,29,96,192,595
d8f51c,STMYS-1,CAMP_DIW_01,P15,3000,"500 Cashback",449,1499,1499,2500
cd36b2,STCHE-4,CAMP_DIW_01,P10,65,"50% OFF",127,168,168,33
780aaa,STMYS-1,CAMP_SAN_01,P06,415,"25% OFF",19,14,14,311
decd5e,STMDU-2,CAMP_SAN_01,P10,50,"25% OFF",21,17,17,38
d88318,STCHE-5,CAMP_DIW_01,P08,1190,BOGOF,45,149,298,595
bf2632,STCHE-1,CAMP_SAN_01,P12,62,"50% OFF",57,66,66,31
902903,STVSK-2,CAMP_DIW_01,P13,350,BOGOF,49,164,328,175
8481be,STCHE-1,CAMP_DIW_01,P04,290,"25% OFF",327,287,287,218
333ef0,STHYD-0,CAMP_DIW_01,P14,1020,BOGOF,47,163,326,510
5dd3d3,STVJD-0,CAMP_DIW_01,P09,110,"50% OFF",40,54,54,55
98cc83,STVSK-0,CAMP_DIW_01,P10,65,"50% OFF",84,127,127,33
5a6ad7,STBLR-9,CAMP_DIW_01,P14,1020,BOGOF,45,153,306,510
b0cc1e,STBLR-9,CAMP_SAN_01,P02,860,"33% OFF",610,847,847,576
21b73e,STTRV-0,CAMP_DIW_01,P05,55,"25% OFF",61,59,59,41
c3c9e3,STVSK-1,CAMP_DIW_01,P15,3000,"500 Cashback",301,869,869,2500
b76f57,STBLR-8,CAMP_DIW_01,P13,350,BOGOF,66,220,440,175
95792f,STMDU-2,CAMP_SAN_01,P15,3000,"500 Cashback",106,243,243,2500
53b2fd,STHYD-6,CAMP_DIW_01,P01,172,"33% OFF",320,467,467,115
6a54d2,STCHE-5,CAMP_SAN_01,P01,172,"33% OFF",303,360,360,115
cb7ddd,STVJD-1,CAMP_DIW_01,P09,110,"50% OFF",49,65,65,55
f57184,STHYD-5,CAMP_SAN_01,P05,55,"25% OFF",21,18,18,41
4f76ac,STMYS-3,CAMP_DIW_01,P04,290,"25% OFF",383,344,344,218
3b086a,STBLR-4,CAMP_SAN_01,P06,415,"25% OFF",36,29,29,311
0cc836,STVSK-0,CAMP_SAN_01,P05,55,"25% OFF",18,14,14,41
aacd2a,STMYS-3,CAMP_SAN_01,P10,50,"25% OFF",25,21,21,38
3968a6,STMYS-3,CAMP_SAN_01,P05,55,"25% OFF",19,16,16,41
fc2170,STCBE-3,CAMP_SAN_01,P08,1190,BOGOF,40,158,316,595
368ca0,STBLR-4,CAMP_SAN_01,P04,370,BOGOF,432,1736,3472,185
729701,STVSK-2,CAMP_SAN_01,P06,415,"25% OFF",22,18,18,311
6d863b,STCBE-1,CAMP_SAN_01,P07,300,BOGOF,40,155,310,150
1d651c,STCHE-5,CAMP_SAN_01,P15,3000,"500 Cashback",121,273,273,2500
a7aa70,STMDU-2,CAMP_SAN_01,P11,190,"50% OFF",25,28,28,95
06c981,STHYD-2,CAMP_DIW_01,P14,1020,BOGOF,42,139,278,510
626cb9,STMLR-0,CAMP_DIW_01,P09,110,"50% OFF",36,48,48,55
6c1493,STVJD-1,CAMP_SAN_01,P15,3000,"500 Cashback",66,144,144,2500
c22ead,STBLR-6,CAMP_SAN_01,P11,190,"50% OFF",43,66,66,95
a35a4f,STCHE-6,CAMP_DIW_01,P10,65,"50% OFF",122,153,153,33
4f7c26,STCBE-4,CAMP_DIW_01,P15,3000,"500 Cashback",316,818,818,2500
c4dae9,STHYD-0,CAMP_DIW_01,P08,1190,BOGOF,52,180,360,595
f199be,STBLR-6,CAMP_DIW_01,P06,415,"25% OFF",87,78,78,311
c1debe,STCHE-3,CAMP_DIW_01,P15,3000,"500 Cashback",381,1303,1303,2500
d61f6f,STHYD-3,CAMP_SAN_01,P03,200,BOGOF,331,903,1806,100
459bc3,STBLR-8,CAMP_SAN_01,P13,350,BOGOF,97,378,756,175
ed90b8,STVSK-4,CAMP_SAN_01,P05,55,"25% OFF",18,13,13,41
8fecef,STCHE-1,CAMP_DIW_01,P07,300,BOGOF,75,217,434,150
dc2bb1,STMYS-3,CAMP_SAN_01,P02,860,"33% OFF",400,476,476,576
13a676,STCBE-4,CAMP_DIW_01,P01,172,"33% OFF",203,296,296,115
42fb76,STHYD-5,CAMP_DIW_01,P10,65,"50% OFF",112,151,151,33
f741af,STHYD-2,CAMP_SAN_01,P01,172,"33% OFF",333,456,456,115
5c6465,STHYD-5,CAMP_SAN_01,P08,1190,BOGOF,36,139,278,595
2ba228,STCHE-5,CAMP_DIW_01,P02,860,"33% OFF",316,388,388,576
21ac82,STHYD-2,CAMP_SAN_01,P06,415,"25% OFF",46,34,34,311
8e97d1,STBLR-7,CAMP_SAN_01,P09,90,"25% OFF",72,58,58,68
335090,STMYS-0,CAMP_DIW_01,P15,3000,"500 Cashback",262,673,673,2500
fc8d10,STMLR-0,CAMP_SAN_01,P08,1190,BOGOF,27,70,140,595
9a425b,STCBE-0,CAMP_DIW_01,P03,156,"25% OFF",276,267,267,117
4f570c,STBLR-7,CAMP_DIW_01,P05,55,"25% OFF",122,107,107,41
d1138a,STTRV-1,CAMP_DIW_01,P12,62,"50% OFF",63,84,84,31
b6dd84,STVJD-1,CAMP_SAN_01,P01,172,"33% OFF",166,225,225,115
151c7d,STMLR-1,CAMP_DIW_01,P06,415,"25% OFF",49,42,42,311
240703,STHYD-5,CAMP_SAN_01,P02,860,"33% OFF",471,659,659,576
8d5095,STCBE-2,CAMP_DIW_01,P15,3000,"500 Cashback",234,840,840,2500
efd0d2,STMYS-2,CAMP_DIW_01,P15,3000,"500 Cashback",486,1273,1273,2500
8ef678,STMYS-3,CAMP_DIW_01,P01,172,"33% OFF",311,398,398,115
4ca177,STVSK-4,CAMP_SAN_01,P14,1020,BOGOF,75,198,396,510
fc3f51,STBLR-6,CAMP_SAN_01,P07,300,BOGOF,40,165,330,150
f3d93f,STHYD-4,CAMP_DIW_01,P09,110,"50% OFF",73,95,95,55
792708,STBLR-5,CAMP_SAN_01,P13,350,BOGOF,115,445,890,175
4692bf,STMLR-0,CAMP_SAN_01,P04,370,BOGOF,267,731,1462,185
deb3a5,STHYD-2,CAMP_SAN_01,P12,62,"50% OFF",52,72,72,31
a0dc46,STHYD-3,CAMP_DIW_01,P05,55,"25% OFF",129,104,104,41
bb447f,STCBE-3,CAMP_SAN_01,P12,62,"50% OFF",36,55,55,31
fa1dd3,STCHE-3,CAMP_SAN_01,P15,3000,"500 Cashback",127,367,367,2500
837127,STVJD-0,CAMP_DIW_01,P03,156,"25% OFF",208,197,197,117
6aae63,STMYS-2,CAMP_DIW_01,P13,350,BOGOF,63,189,378,175
a24528,STVSK-2,CAMP_DIW_01,P05,55,"25% OFF",70,62,62,41
4ff977,STVSK-4,CAMP_DIW_01,P15,3000,"500 Cashback",292,750,750,2500
3.42E+08,STMDU-3,CAMP_SAN_01,P11,190,"50% OFF",34,38,38,95
f8b215,STBLR-4,CAMP_DIW_01,P14,1020,BOGOF,40,138,276,510
f6c17f,STBLR-0,CAMP_SAN_01,P09,90,"25% OFF",54,45,45,68
67f756,STHYD-5,CAMP_SAN_01,P13,350,BOGOF,111,441,882,175
d6cc80,STCHE-4,CAMP_DIW_01,P07,300,BOGOF,61,236,472,150
9d9a6c,STCBE-1,CAMP_SAN_01,P15,3000,"500 Cashback",82,190,190,2500
7ae5f8,STCHE-7,CAMP_DIW_01,P11,190,"50% OFF",87,114,114,95
fedf26,STMLR-2,CAMP_SAN_01,P10,50,"25% OFF",19,15,15,38
bfdede,STMYS-2,CAMP_SAN_01,P11,190,"50% OFF",61,86,86,95
e2f806,STMDU-1,CAMP_DIW_01,P14,1020,BOGOF,36,126,252,510
2706c5,STMYS-2,CAMP_DIW_01,P12,62,"50% OFF",77,97,97,31
79f662,STVSK-1,CAMP_SAN_01,P09,90,"25% OFF",40,28,28,68
3133f3,STCHE-5,CAMP_SAN_01,P09,90,"25% OFF",63,53,53,68
fd4e7e,STCBE-4,CAMP_SAN_01,P03,200,BOGOF,336,913,1826,100
77c6d5,STCHE-1,CAMP_DIW_01,P09,110,"50% OFF",59,67,67,55
0d23fe,STVSK-4,CAMP_DIW_01,P09,110,"50% OFF",63,86,86,55
221da2,STCBE-3,CAMP_SAN_01,P15,3000,"500 Cashback",91,211,211,2500
b1a501,STBLR-0,CAMP_DIW_01,P11,190,"50% OFF",80,108,108,95
4e42b9,STHYD-4,CAMP_SAN_01,P03,200,BOGOF,376,1447,2894,100
1e5ae7,STCHE-7,CAMP_SAN_01,P09,90,"25% OFF",54,51,51,68
078a6a,STMDU-0,CAMP_SAN_01,P09,90,"25% OFF",57,47,47,68
8dca75,STBLR-5,CAMP_DIW_01,P13,350,BOGOF,71,248,496,175
4eb35e,STCHE-6,CAMP_SAN_01,P04,370,BOGOF,483,1907,3814,185
73ad85,STHYD-5,CAMP_DIW_01,P05,55,"25% OFF",106,102,102,41
b98ea0,STCHE-3,CAMP_SAN_01,P11,190,"50% OFF",48,69,69,95
4406de,STVSK-1,CAMP_SAN_01,P11,190,"50% OFF",28,40,40,95
e98f37,STBLR-3,CAMP_DIW_01,P08,1190,BOGOF,43,145,290,595
311946,STBLR-5,CAMP_DIW_01,P05,55,"25% OFF",119,107,107,41
598637,STCHE-7,CAMP_DIW_01,P09,110,"50% OFF",71,90,90,55
a2fd0b,STBLR-6,CAMP_DIW_01,P12,62,"50% OFF",112,165,165,31
53089f,STTRV-0,CAMP_DIW_01,P07,300,BOGOF,26,87,174,150
82ff02,STMDU-0,CAMP_SAN_01,P10,50,"25% OFF",22,18,18,38
20618e,STCHE-3,CAMP_SAN_01,P04,370,BOGOF,379,1622,3244,185
1b6084,STMLR-1,CAMP_DIW_01,P01,172,"33% OFF",141,217,217,115
4cd59b,STVSK-0,CAMP_SAN_01,P09,90,"25% OFF",42,35,35,68
716a3b,STCHE-5,CAMP_SAN_01,P14,1020,BOGOF,130,514,1028,510
c32fcd,STHYD-3,CAMP_SAN_01,P08,1190,BOGOF,73,192,384,595
f517b1,STVSK-4,CAMP_SAN_01,P07,300,BOGOF,33,83,166,150
f2d468,STTRV-0,CAMP_SAN_01,P03,200,BOGOF,190,741,1482,100
371e1a,STBLR-5,CAMP_DIW_01,P01,172,"33% OFF",322,483,483,115
9bd616,STCHE-0,CAMP_DIW_01,P01,172,"33% OFF",330,504,504,115
1c9eaa,STBLR-6,CAMP_DIW_01,P02,860,"33% OFF",367,612,612,576
1b0022,STVSK-0,CAMP_SAN_01,P04,370,BOGOF,370,1457,2914,185
ad2ad4,STMDU-3,CAMP_DIW_01,P04,290,"25% OFF",197,175,175,218
fad26a,STCHE-3,CAMP_DIW_01,P01,172,"33% OFF",369,546,546,115
26a18a,STVSK-3,CAMP_SAN_01,P15,3000,"500 Cashback",109,192,192,2500
d3d574,STMLR-2,CAMP_SAN_01,P08,1190,BOGOF,16,63,126,595
0edad5,STTRV-1,CAMP_SAN_01,P13,350,BOGOF,51,205,410,175
46ee5a,STCBE-3,CAMP_DIW_01,P04,290,"25% OFF",246,214,214,218
9d3d1f,STCHE-6,CAMP_SAN_01,P15,3000,"500 Cashback",147,320,320,2500
caa1e1,STCHE-5,CAMP_SAN_01,P03,200,BOGOF,432,1736,3472,100
7d9576,STBLR-7,CAMP_SAN_01,P15,3000,"500 Cashback",120,345,345,2500
59f792,STCHE-4,CAMP_DIW_01,P15,3000,"500 Cashback",448,1545,1545,2500
86206,STHYD-1,CAMP_SAN_01,P14,1020,BOGOF,102,279,558,510
457639,STCHE-4,CAMP_SAN_01,P08,1190,BOGOF,54,222,444,595
5f18fc,STVJD-1,CAMP_SAN_01,P10,50,"25% OFF",18,13,13,38
2fe921,STCHE-0,CAMP_SAN_01,P05,55,"25% OFF",25,21,21,41
5760fd,STCBE-1,CAMP_SAN_01,P13,350,BOGOF,87,346,692,175
715baf,STHYD-3,CAMP_DIW_01,P13,350,BOGOF,82,239,478,175
d04bc1,STCBE-0,CAMP_SAN_01,P09,90,"25% OFF",49,46,46,68
269cec,STBLR-6,CAMP_SAN_01,P02,860,"33% OFF",532,813,813,576
41dc33,STHYD-1,CAMP_SAN_01,P10,50,"25% OFF",36,29,29,38
420258,STVSK-3,CAMP_SAN_01,P14,1020,BOGOF,54,137,274,510
005c46,STCBE-2,CAMP_SAN_01,P05,55,"25% OFF",18,15,15,41
642b50,STMYS-1,CAMP_DIW_01,P14,1020,BOGOF,36,145,290,510
93118f,STVSK-0,CAMP_SAN_01,P03,200,BOGOF,261,1041,2082,100
5e0a8c,STBLR-5,CAMP_SAN_01,P12,62,"50% OFF",55,77,77,31
8ba5a1,STBLR-6,CAMP_DIW_01,P09,110,"50% OFF",84,131,131,55
eb967c,STMYS-1,CAMP_SAN_01,P15,3000,"500 Cashback",133,383,383,2500
726ac4,STBLR-5,CAMP_SAN_01,P04,370,BOGOF,454,1756,3512,185
f8b6ac,STCHE-4,CAMP_DIW_01,P02,860,"33% OFF",400,580,580,576
a83e09,STMDU-3,CAMP_SAN_01,P07,300,BOGOF,22,88,176,150
417902,STMDU-0,CAMP_DIW_01,P08,1190,BOGOF,29,116,232,595
3100ef,STBLR-5,CAMP_SAN_01,P09,90,"25% OFF",67,56,56,68
20da13,STBLR-4,CAMP_SAN_01,P07,300,BOGOF,48,185,370,150
380a4f,STCHE-1,CAMP_DIW_01,P08,1190,BOGOF,45,137,274,595
8c13bb,STBLR-5,CAMP_DIW_01,P08,1190,BOGOF,47,159,318,595
d70dcb,STCBE-4,CAMP_SAN_01,P15,3000,"500 Cashback",90,146,146,2500
367337,STCHE-6,CAMP_SAN_01,P09,90,"25% OFF",81,60,60,68
ff3c54,STCHE-3,CAMP_SAN_01,P05,55,"25% OFF",24,19,19,41
bae5cb,STVSK-3,CAMP_SAN_01,P11,190,"50% OFF",34,39,39,95
23ef05,STVSK-0,CAMP_DIW_01,P12,62,"50% OFF",78,121,121,31
49057f,STHYD-0,CAMP_SAN_01,P15,3000,"500 Cashback",121,274,274,2500
f3de30,STMLR-1,CAMP_SAN_01,P12,62,"50% OFF",31,45,45,31
ac0b1c,STMYS-3,CAMP_SAN_01,P14,1020,BOGOF,78,331,662,510
75c3a0,STBLR-0,CAMP_DIW_01,P13,350,BOGOF,73,282,564,175
5715c0,STVSK-1,CAMP_SAN_01,P12,62,"50% OFF",46,66,66,31
e5db3d,STCBE-0,CAMP_DIW_01,P08,1190,BOGOF,29,98,196,595
ef61c6,STHYD-2,CAMP_SAN_01,P07,300,BOGOF,48,188,376,150
0eb526,STMLR-0,CAMP_DIW_01,P07,300,BOGOF,38,113,226,150
eb8939,STBLR-9,CAMP_DIW_01,P06,415,"25% OFF",91,89,89,311
316cd1,STMYS-2,CAMP_SAN_01,P07,300,BOGOF,45,122,244,150
5a94d6,STVSK-0,CAMP_DIW_01,P06,415,"25% OFF",64,58,58,311
ff8f10,STMDU-0,CAMP_SAN_01,P11,190,"50% OFF",34,47,47,95
9ff8d2,STBLR-1,CAMP_DIW_01,P06,415,"25% OFF",87,82,82,311
0c0926,STMDU-3,CAMP_DIW_01,P08,1190,BOGOF,26,91,182,595
252235,STHYD-4,CAMP_DIW_01,P07,300,BOGOF,64,223,446,150
41d6bd,STCHE-1,CAMP_SAN_01,P03,200,BOGOF,424,1127,2254,100
73c8f5,STVSK-3,CAMP_DIW_01,P01,172,"33% OFF",229,293,293,115
1f0eaf,STBLR-6,CAMP_SAN_01,P15,3000,"500 Cashback",147,385,385,2500
bb62b3,STHYD-6,CAMP_SAN_01,P03,200,BOGOF,378,1459,2918,100
6c43b6,STMLR-1,CAMP_DIW_01,P07,300,BOGOF,29,97,194,150
86ec8d,STMDU-3,CAMP_SAN_01,P04,370,BOGOF,303,1172,2344,185
35463c,STCBE-0,CAMP_DIW_01,P04,290,"25% OFF",211,202,202,218
95f061,STMYS-3,CAMP_SAN_01,P15,3000,"500 Cashback",160,443,443,2500
693b77,STMLR-0,CAMP_DIW_01,P12,62,"50% OFF",70,88,88,31
4ca50a,STHYD-3,CAMP_DIW_01,P08,1190,BOGOF,50,156,312,595
01b425,STMYS-3,CAMP_DIW_01,P09,110,"50% OFF",68,76,76,55
d3d442,STBLR-5,CAMP_SAN_01,P15,3000,"500 Cashback",166,396,396,2500
b17f27,STCBE-0,CAMP_DIW_01,P06,415,"25% OFF",59,56,56,311
be6ab1,STCHE-4,CAMP_SAN_01,P09,90,"25% OFF",73,60,60,68
cf0ccd,STVSK-1,CAMP_DIW_01,P08,1190,BOGOF,35,117,234,595
d7798b,STMYS-2,CAMP_SAN_01,P02,860,"33% OFF",484,677,677,576
e93b62,STCHE-2,CAMP_SAN_01,P04,370,BOGOF,513,2067,4134,185
65f085,STCHE-4,CAMP_SAN_01,P12,62,"50% OFF",60,87,87,31
39d354,STMYS-0,CAMP_DIW_01,P06,415,"25% OFF",57,49,49,311
90f2d8,STMDU-2,CAMP_DIW_01,P10,65,"50% OFF",61,71,71,33
d04c7f,STBLR-9,CAMP_SAN_01,P07,300,BOGOF,40,159,318,150
7b51be,STCHE-5,CAMP_SAN_01,P04,370,BOGOF,403,1587,3174,185
68c31e,STBLR-7,CAMP_SAN_01,P08,1190,BOGOF,54,235,470,595
b6233e,STMLR-2,CAMP_DIW_01,P01,172,"33% OFF",175,222,222,115
4b411a,STVJD-0,CAMP_DIW_01,P15,3000,"500 Cashback",218,673,673,2500
dd9914,STVSK-1,CAMP_DIW_01,P10,65,"50% OFF",98,132,132,33
874377,STHYD-3,CAMP_DIW_01,P02,860,"33% OFF",365,616,616,576
7.83E+87,STMDU-3,CAMP_DIW_01,P14,1020,BOGOF,31,108,216,510
6a1564,STMDU-3,CAMP_DIW_01,P15,3000,"500 Cashback",334,1022,1022,2500
ac0b82,STMYS-0,CAMP_DIW_01,P04,290,"25% OFF",234,205,205,218
19d7b5,STMYS-1,CAMP_SAN_01,P03,200,BOGOF,382,1596,3192,100
9d7bd2,STCHE-5,CAMP_DIW_01,P03,156,"25% OFF",413,375,375,117
17edbc,STMYS-1,CAMP_DIW_01,P03,156,"25% OFF",281,230,230,117
38bf1b,STCHE-1,CAMP_SAN_01,P05,55,"25% OFF",30,25,25,41
4cc388,STBLR-7,CAMP_SAN_01,P02,860,"33% OFF",526,799,799,576
c115da,STCHE-2,CAMP_DIW_01,P13,350,BOGOF,84,293,586,175
1271,STCBE-2,CAMP_SAN_01,P13,350,BOGOF,121,500,1000,175
3bf731,STVSK-3,CAMP_SAN_01,P04,370,BOGOF,265,673,1346,185
07e4ea,STHYD-6,CAMP_SAN_01,P04,370,BOGOF,486,1890,3780,185
a1ef43,STTRV-1,CAMP_SAN_01,P12,62,"50% OFF",27,38,38,31
1cfaa8,STBLR-2,CAMP_SAN_01,P08,1190,BOGOF,43,166,332,595
2eb400,STBLR-5,CAMP_SAN_01,P07,300,BOGOF,52,207,414,150
cd3392,STCHE-6,CAMP_SAN_01,P07,300,BOGOF,31,123,246,150
141d98,STCHE-4,CAMP_SAN_01,P03,200,BOGOF,387,1695,3390,100
e74698,STBLR-5,CAMP_DIW_01,P14,1020,BOGOF,43,144,288,510
512d92,STCHE-4,CAMP_DIW_01,P09,110,"50% OFF",87,115,115,55
ce3c11,STHYD-4,CAMP_DIW_01,P14,1020,BOGOF,52,176,352,510
6.20E+94,STMYS-0,CAMP_SAN_01,P08,1190,BOGOF,48,129,258,595
315542,STVJD-1,CAMP_SAN_01,P03,200,BOGOF,183,710,1420,100
42a404,STCBE-1,CAMP_SAN_01,P12,62,"50% OFF",42,48,48,31
7a2a47,STBLR-7,CAMP_DIW_01,P07,300,BOGOF,64,254,508,150
ad9ba5,STHYD-5,CAMP_DIW_01,P01,172,"33% OFF",337,485,485,115
3080c6,STVSK-4,CAMP_DIW_01,P14,1020,BOGOF,38,114,228,510
c11cad,STMYS-2,CAMP_SAN_01,P09,90,"25% OFF",61,50,50,68
8a219d,STBLR-8,CAMP_DIW_01,P08,1190,BOGOF,64,218,436,595
3ec68b,STBLR-1,CAMP_DIW_01,P09,110,"50% OFF",73,95,95,55
0690d9,STHYD-3,CAMP_DIW_01,P15,3000,"500 Cashback",418,1082,1082,2500
c7f28c,STBLR-0,CAMP_SAN_01,P15,3000,"500 Cashback",144,374,374,2500
94102d,STBLR-4,CAMP_SAN_01,P12,62,"50% OFF",64,92,92,31
74657,STMLR-0,CAMP_DIW_01,P02,860,"33% OFF",194,271,271,576
f46036,STVSK-4,CAMP_DIW_01,P13,350,BOGOF,61,178,356,175
c74866,STBLR-5,CAMP_DIW_01,P10,65,"50% OFF",115,151,151,33
ab6327,STHYD-1,CAMP_SAN_01,P04,370,BOGOF,444,1123,2246,185
41cb8f,STBLR-6,CAMP_DIW_01,P03,156,"25% OFF",402,353,353,117
9a13a5,STHYD-4,CAMP_DIW_01,P11,190,"50% OFF",82,107,107,95
cac6b5,STCBE-4,CAMP_SAN_01,P11,190,"50% OFF",28,39,39,95
2c0a90,STMDU-2,CAMP_SAN_01,P12,62,"50% OFF",36,42,42,31
7a9ebd,STTRV-0,CAMP_DIW_01,P11,190,"50% OFF",33,42,42,95
19352c,STBLR-4,CAMP_SAN_01,P02,860,"33% OFF",501,701,701,576
415f7e,STVSK-2,CAMP_SAN_01,P07,300,BOGOF,24,93,186,150
5c7b20,STCBE-4,CAMP_DIW_01,P05,55,"25% OFF",101,89,89,41
c6693c,STBLR-1,CAMP_SAN_01,P04,370,BOGOF,413,1102,2204,185
0f750a,STBLR-0,CAMP_SAN_01,P02,860,"33% OFF",451,613,613,576
d31554,STMDU-2,CAMP_DIW_01,P05,55,"25% OFF",80,70,70,41
7151bb,STBLR-6,CAMP_DIW_01,P13,350,BOGOF,98,372,744,175
8f9cc5,STMLR-1,CAMP_DIW_01,P08,1190,BOGOF,29,100,200,595
d81627,STCBE-2,CAMP_SAN_01,P04,370,BOGOF,355,1508,3016,185
6e5da9,STVJD-0,CAMP_SAN_01,P11,190,"50% OFF",25,35,35,95
6e412f,STBLR-7,CAMP_SAN_01,P06,415,"25% OFF",34,28,28,311
b110d3,STCBE-3,CAMP_SAN_01,P06,415,"25% OFF",18,14,14,311
c2ee4f,STVSK-3,CAMP_SAN_01,P13,350,BOGOF,58,148,296,175
e45c30,STMDU-1,CAMP_DIW_01,P06,415,"25% OFF",70,63,63,311
353060,STBLR-7,CAMP_SAN_01,P11,190,"50% OFF",45,73,73,95
461ad4,STTRV-1,CAMP_DIW_01,P09,110,"50% OFF",42,55,55,55
cbf0ad,STCHE-6,CAMP_SAN_01,P03,200,BOGOF,358,1410,2820,100
207744,STBLR-0,CAMP_SAN_01,P12,62,"50% OFF",52,75,75,31
ff02ae,STCBE-3,CAMP_DIW_01,P11,190,"50% OFF",66,102,102,95
6cb844,STBLR-3,CAMP_SAN_01,P10,50,"25% OFF",28,21,21,38
2b41a0,STBLR-3,CAMP_SAN_01,P02,860,"33% OFF",450,634,634,576
a50d87,STCBE-3,CAMP_DIW_01,P10,65,"50% OFF",82,122,122,33
18810a,STMYS-1,CAMP_DIW_01,P02,860,"33% OFF",395,711,711,576
608271,STMDU-0,CAMP_SAN_01,P15,3000,"500 Cashback",122,342,342,2500
edacb9,STCHE-3,CAMP_DIW_01,P10,65,"50% OFF",119,154,154,33
ce95b1,STCHE-2,CAMP_DIW_01,P12,62,"50% OFF",119,138,138,31
6ae240,STBLR-4,CAMP_SAN_01,P13,350,BOGOF,94,371,742,175
e2f6b2,STCHE-1,CAMP_DIW_01,P15,3000,"500 Cashback",316,859,859,2500
6b0ee6,STMDU-1,CAMP_DIW_01,P07,300,BOGOF,47,157,314,150
0aefa5,STVSK-3,CAMP_SAN_01,P06,415,"25% OFF",33,27,27,311
0f3f34,STCHE-1,CAMP_DIW_01,P06,415,"25% OFF",99,87,87,311
ed7b12,STVSK-0,CAMP_SAN_01,P10,50,"25% OFF",16,13,13,38
debbd7,STCBE-0,CAMP_SAN_01,P11,190,"50% OFF",45,72,72,95
2b8abd,STCHE-2,CAMP_SAN_01,P14,1020,BOGOF,105,407,814,510
0da7fd,STVSK-0,CAMP_SAN_01,P02,860,"33% OFF",408,632,632,576
d58c29,STVSK-2,CAMP_SAN_01,P08,1190,BOGOF,27,107,214,595
861506,STCHE-6,CAMP_DIW_01,P03,156,"25% OFF",334,260,260,117
fd48ff,STCBE-0,CAMP_SAN_01,P04,370,BOGOF,367,1423,2846,185
7912c8,STVSK-3,CAMP_SAN_01,P05,55,"25% OFF",19,15,15,41
1768c2,STHYD-0,CAMP_DIW_01,P02,860,"33% OFF",367,601,601,576
61089e,STHYD-5,CAMP_SAN_01,P04,370,BOGOF,412,1615,3230,185
e5e244,STBLR-5,CAMP_DIW_01,P02,860,"33% OFF",351,526,526,576
1f8bc3,STCBE-2,CAMP_DIW_01,P01,172,"33% OFF",190,313,313,115
5.00E+300,STVJD-1,CAMP_DIW_01,P14,1020,BOGOF,24,80,160,510
e8d896,STCHE-1,CAMP_SAN_01,P10,50,"25% OFF",40,33,33,38
2dd3f7,STHYD-4,CAMP_DIW_01,P03,156,"25% OFF",341,327,327,117
b7db9e,STHYD-4,CAMP_DIW_01,P05,55,"25% OFF",106,101,101,41
13d333,STCHE-7,CAMP_SAN_01,P01,172,"33% OFF",256,358,358,115
77435f,STBLR-3,CAMP_SAN_01,P01,172,"33% OFF",277,387,387,115
3181a7,STCBE-1,CAMP_SAN_01,P11,190,"50% OFF",28,31,31,95
3ea719,STBLR-7,CAMP_DIW_01,P02,860,"33% OFF",336,577,577,576
3d8361,STMYS-1,CAMP_DIW_01,P08,1190,BOGOF,47,184,368,595
0d853d,STHYD-4,CAMP_SAN_01,P02,860,"33% OFF",594,819,819,576
4d9f1a,STCBE-1,CAMP_DIW_01,P09,110,"50% OFF",59,69,69,55
ea384f,STBLR-7,CAMP_SAN_01,P10,50,"25% OFF",40,33,33,38
9fcb92,STMDU-2,CAMP_DIW_01,P15,3000,"500 Cashback",315,976,976,2500
b97eb0,STBLR-2,CAMP_SAN_01,P11,190,"50% OFF",49,68,68,95
90110c,STHYD-0,CAMP_SAN_01,P04,370,BOGOF,412,1615,3230,185
72eed8,STHYD-4,CAMP_DIW_01,P04,290,"25% OFF",376,360,360,218
d552e3,STMDU-3,CAMP_SAN_01,P12,62,"50% OFF",45,53,53,31
74399f,STMYS-3,CAMP_DIW_01,P13,350,BOGOF,73,282,564,175
f9b0ef,STVJD-0,CAMP_DIW_01,P05,55,"25% OFF",56,54,54,41
b838cd,STTRV-1,CAMP_DIW_01,P01,172,"33% OFF",147,214,214,115
191614,STMYS-3,CAMP_DIW_01,P10,65,"50% OFF",103,109,109,33
15265d,STCHE-5,CAMP_SAN_01,P12,62,"50% OFF",58,65,65,31
166989,STCBE-1,CAMP_SAN_01,P01,172,"33% OFF",169,206,206,115
18f69b,STMLR-2,CAMP_DIW_01,P10,65,"50% OFF",61,68,68,33
2cc7f0,STMDU-3,CAMP_SAN_01,P02,860,"33% OFF",457,548,548,576
f65a1e,STVSK-4,CAMP_DIW_01,P04,290,"25% OFF",255,196,196,218
bff226,STCBE-1,CAMP_DIW_01,P06,415,"25% OFF",57,44,44,311
d0356d,STCHE-0,CAMP_DIW_01,P08,1190,BOGOF,45,152,304,595
262ff3,STVSK-0,CAMP_DIW_01,P13,350,BOGOF,47,161,322,175
0953d7,STVSK-1,CAMP_SAN_01,P02,860,"33% OFF",387,530,530,576
d2a08d,STCHE-5,CAMP_DIW_01,P10,65,"50% OFF",141,157,157,33
d33904,STMYS-3,CAMP_DIW_01,P07,300,BOGOF,59,233,466,150
13fd74,STMDU-3,CAMP_DIW_01,P05,55,"25% OFF",64,58,58,41
c3ae5a,STBLR-1,CAMP_SAN_01,P11,190,"50% OFF",39,55,55,95
2384f8,STMYS-0,CAMP_DIW_01,P09,110,"50% OFF",70,87,87,55
14f79d,STVSK-1,CAMP_DIW_01,P04,290,"25% OFF",252,196,196,218
89bbca,STCBE-4,CAMP_DIW_01,P13,350,BOGOF,42,128,256,175
61f82c,STBLR-5,CAMP_DIW_01,P11,190,"50% OFF",63,81,81,95
bcad3c,STMDU-0,CAMP_DIW_01,P01,172,"33% OFF",201,305,305,115
2749b0,STCHE-5,CAMP_SAN_01,P11,190,"50% OFF",34,39,39,95
9ce293,STMDU-1,CAMP_SAN_01,P03,200,BOGOF,255,1009,2018,100
93dff2,STBLR-3,CAMP_DIW_01,P03,156,"25% OFF",390,308,308,117
339bf7,STCHE-5,CAMP_DIW_01,P05,55,"25% OFF",127,109,109,41
5c8834,STBLR-2,CAMP_SAN_01,P05,55,"25% OFF",24,19,19,41
4162d7,STHYD-2,CAMP_DIW_01,P05,55,"25% OFF",110,86,86,41
60170c,STHYD-4,CAMP_DIW_01,P08,1190,BOGOF,63,208,416,595
4fbcf6,STHYD-1,CAMP_SAN_01,P06,415,"25% OFF",27,22,22,311
1f1b71,STMDU-3,CAMP_SAN_01,P01,172,"33% OFF",214,267,267,115
96a556,STBLR-1,CAMP_DIW_01,P02,860,"33% OFF",358,537,537,576
6846a8,STVSK-0,CAMP_DIW_01,P04,290,"25% OFF",201,174,174,218
0a453f,STMYS-0,CAMP_DIW_01,P03,156,"25% OFF",301,264,264,117
fcee36,STMYS-0,CAMP_SAN_01,P12,62,"50% OFF",66,92,92,31
58ce38,STBLR-3,CAMP_SAN_01,P13,350,BOGOF,118,455,910,175
4a5884,STHYD-0,CAMP_SAN_01,P12,62,"50% OFF",57,90,90,31
e7769b,STHYD-5,CAMP_DIW_01,P15,3000,"500 Cashback",357,1046,1046,2500
27c86c,STBLR-2,CAMP_DIW_01,P06,415,"25% OFF",92,81,81,311
f35446,STTRV-0,CAMP_DIW_01,P09,110,"50% OFF",33,43,43,55
4a42f9,STBLR-7,CAMP_DIW_01,P08,1190,BOGOF,49,186,372,595
9413a7,STHYD-3,CAMP_DIW_01,P11,190,"50% OFF",80,124,124,95
b97dfe,STBLR-2,CAMP_DIW_01,P07,300,BOGOF,56,196,392,150
950a84,STBLR-9,CAMP_SAN_01,P11,190,"50% OFF",52,73,73,95
686a37,STBLR-0,CAMP_SAN_01,P14,1020,BOGOF,85,350,700,510
f0500d,STCHE-6,CAMP_DIW_01,P09,110,"50% OFF",66,82,82,55
c16abb,STCHE-7,CAMP_SAN_01,P08,1190,BOGOF,42,186,372,595
581ca5,STMDU-0,CAMP_SAN_01,P13,350,BOGOF,90,371,742,175
36968d,STMDU-1,CAMP_SAN_01,P02,860,"33% OFF",289,404,404,576
f8a417,STCBE-4,CAMP_SAN_01,P12,62,"50% OFF",37,53,53,31
400cab,STCHE-4,CAMP_SAN_01,P02,860,"33% OFF",642,918,918,576
ef7122,STMLR-1,CAMP_DIW_01,P15,3000,"500 Cashback",211,614,614,2500
66b476,STBLR-6,CAMP_DIW_01,P10,65,"50% OFF",103,160,160,33
5bbf38,STBLR-0,CAMP_DIW_01,P09,110,"50% OFF",78,104,104,55
e67501,STVSK-4,CAMP_SAN_01,P13,350,BOGOF,85,215,430,175
3.14E+36,STCBE-4,CAMP_DIW_01,P04,290,"25% OFF",252,226,226,218
98d4e3,STMLR-2,CAMP_SAN_01,P13,350,BOGOF,70,281,562,175
60229b,STCBE-3,CAMP_DIW_01,P01,172,"33% OFF",241,404,404,115
35a25f,STBLR-9,CAMP_DIW_01,P11,190,"50% OFF",75,98,98,95
4cf56a,STBLR-9,CAMP_DIW_01,P04,290,"25% OFF",311,304,304,218
4d3722,STMLR-0,CAMP_DIW_01,P04,290,"25% OFF",175,150,150,218
5e59a1,STTRV-0,CAMP_SAN_01,P05,55,"25% OFF",12,11,11,41
0f8686,STVSK-0,CAMP_SAN_01,P07,300,BOGOF,24,92,184,150
c092d4,STBLR-4,CAMP_DIW_01,P07,300,BOGOF,70,243,486,150
24541f,STBLR-1,CAMP_SAN_01,P13,350,BOGOF,111,290,580,175
8.31E+08,STCBE-2,CAMP_DIW_01,P08,1190,BOGOF,33,129,258,595
ebbe5d,STCHE-2,CAMP_SAN_01,P06,415,"25% OFF",25,22,22,311
2ae8b8,STCBE-2,CAMP_SAN_01,P10,50,"25% OFF",22,18,18,38
dafaa4,STVJD-1,CAMP_SAN_01,P05,55,"25% OFF",13,9,9,41
4f757f,STMYS-1,CAMP_SAN_01,P13,350,BOGOF,129,540,1080,175
0894b7,STCHE-3,CAMP_SAN_01,P08,1190,BOGOF,46,203,406,595
a80b87,STVSK-0,CAMP_DIW_01,P11,190,"50% OFF",49,76,76,95
3f9b4d,STHYD-5,CAMP_SAN_01,P09,90,"25% OFF",66,62,62,68
6ed2f5,STBLR-4,CAMP_DIW_01,P13,350,BOGOF,84,285,570,175
1.53E+07,STCHE-7,CAMP_SAN_01,P12,62,"50% OFF",67,95,95,31
855f49,STBLR-3,CAMP_SAN_01,P04,370,BOGOF,481,1890,3780,185
4a8c38,STCHE-0,CAMP_SAN_01,P04,370,BOGOF,469,1861,3722,185
1a1a02,STBLR-0,CAMP_SAN_01,P04,370,BOGOF,465,2064,4128,185
1a4a61,STCHE-1,CAMP_SAN_01,P06,415,"25% OFF",36,29,29,311
aeed36,STBLR-6,CAMP_SAN_01,P12,62,"50% OFF",54,83,83,31
e23132,STVJD-0,CAMP_DIW_01,P08,1190,BOGOF,26,86,172,595
d76198,STCHE-4,CAMP_DIW_01,P08,1190,BOGOF,54,213,426,595
0ae76a,STMLR-1,CAMP_SAN_01,P11,190,"50% OFF",21,30,30,95
ce39e4,STMLR-1,CAMP_DIW_01,P13,350,BOGOF,42,145,290,175
8869,STCBE-4,CAMP_SAN_01,P13,350,BOGOF,75,200,400,175
fcf54a,STCHE-7,CAMP_DIW_01,P04,290,"25% OFF",348,334,334,218
0b9826,STHYD-6,CAMP_DIW_01,P11,190,"50% OFF",57,71,71,95
fbab9b,STMYS-1,CAMP_DIW_01,P01,172,"33% OFF",334,591,591,115
e2c229,STTRV-1,CAMP_SAN_01,P15,3000,"500 Cashback",54,125,125,2500
2e48c4,STVSK-0,CAMP_DIW_01,P09,110,"50% OFF",50,76,76,55
171bbb,STTRV-0,CAMP_SAN_01,P15,3000,"500 Cashback",79,171,171,2500
ace471,STMDU-0,CAMP_SAN_01,P04,370,BOGOF,273,1201,2402,185
a26e60,STTRV-1,CAMP_DIW_01,P13,350,BOGOF,36,122,244,175
cb43c4,STCHE-0,CAMP_SAN_01,P14,1020,BOGOF,106,424,848,510
ba72b1,STMDU-1,CAMP_SAN_01,P05,55,"25% OFF",15,12,12,41
e89f85,STCBE-1,CAMP_SAN_01,P05,55,"25% OFF",25,18,18,41
c95efb,STBLR-7,CAMP_DIW_01,P15,3000,"500 Cashback",416,1389,1389,2500
dec49d,STMDU-2,CAMP_SAN_01,P05,55,"25% OFF",21,17,17,41
a5800c,STMYS-3,CAMP_SAN_01,P12,62,"50% OFF",60,67,67,31
5d5637,STCHE-0,CAMP_DIW_01,P09,110,"50% OFF",94,119,119,55
f9d2c6,STBLR-9,CAMP_SAN_01,P14,1020,BOGOF,111,429,858,510
0ee55a,STHYD-5,CAMP_DIW_01,P06,415,"25% OFF",82,80,80,311
1192bc,STCBE-4,CAMP_DIW_01,P11,190,"50% OFF",59,79,79,95
be65d7,STTRV-0,CAMP_DIW_01,P12,62,"50% OFF",54,68,68,31
6bb477,STHYD-1,CAMP_DIW_01,P04,290,"25% OFF",318,276,276,218
a2d32f,STVSK-3,CAMP_SAN_01,P09,90,"25% OFF",39,31,31,68
5f29e7,STMLR-1,CAMP_DIW_01,P12,62,"50% OFF",71,90,90,31
802dfa,STBLR-3,CAMP_SAN_01,P07,300,BOGOF,54,217,434,150
0b38d9,STMYS-3,CAMP_DIW_01,P08,1190,BOGOF,29,115,230,595
f013a9,STMYS-2,CAMP_SAN_01,P14,1020,BOGOF,105,276,552,510
ea916f,STTRV-0,CAMP_SAN_01,P10,50,"25% OFF",18,16,16,38
2.70E+61,STHYD-1,CAMP_DIW_01,P05,55,"25% OFF",110,96,96,41
bd3f78,STHYD-0,CAMP_DIW_01,P11,190,"50% OFF",68,104,104,95
feadc3,STCBE-0,CAMP_SAN_01,P05,55,"25% OFF",21,19,19,41
f41256,STMLR-1,CAMP_SAN_01,P15,3000,"500 Cashback",58,128,128,2500
f25735,STBLR-3,CAMP_DIW_01,P09,110,"50% OFF",66,85,85,55
5729c0,STMYS-2,CAMP_SAN_01,P04,370,BOGOF,240,636,1272,185
cf4f71,STHYD-0,CAMP_SAN_01,P01,172,"33% OFF",250,382,382,115
60ba75,STVJD-0,CAMP_SAN_01,P13,350,BOGOF,60,234,468,175
6bce12,STMYS-0,CAMP_SAN_01,P07,300,BOGOF,46,120,240,150
25902,STMYS-2,CAMP_DIW_01,P11,190,"50% OFF",70,93,93,95
1dd472,STMLR-1,CAMP_SAN_01,P04,370,BOGOF,220,886,1772,185
f94f2f,STTRV-1,CAMP_DIW_01,P08,1190,BOGOF,28,92,184,595
802b3c,STBLR-1,CAMP_DIW_01,P15,3000,"500 Cashback",369,1007,1007,2500
4aa7ef,STHYD-1,CAMP_DIW_01,P07,300,BOGOF,59,176,352,150
4e0e90,STVSK-2,CAMP_DIW_01,P12,62,"50% OFF",80,124,124,31
9155d1,STTRV-1,CAMP_DIW_01,P11,190,"50% OFF",33,43,43,95
f1421a,STMDU-2,CAMP_SAN_01,P09,90,"25% OFF",49,39,39,68
fb29d7,STMYS-3,CAMP_SAN_01,P06,415,"25% OFF",28,23,23,311
18c9f4,STBLR-1,CAMP_DIW_01,P03,156,"25% OFF",385,369,369,117
2abe5e,STCHE-6,CAMP_SAN_01,P06,415,"25% OFF",40,28,28,311
4a77da,STMLR-0,CAMP_SAN_01,P02,860,"33% OFF",243,332,332,576
d46611,STMLR-2,CAMP_DIW_01,P05,55,"25% OFF",47,40,40,41
30b66a,STBLR-7,CAMP_DIW_01,P11,190,"50% OFF",84,131,131,95
e0a83a,STBLR-8,CAMP_DIW_01,P07,300,BOGOF,63,221,442,150
e78335,STMDU-1,CAMP_DIW_01,P03,156,"25% OFF",281,244,244,117
a16acc,STBLR-4,CAMP_SAN_01,P11,190,"50% OFF",43,59,59,95
250dee,STCHE-0,CAMP_SAN_01,P01,172,"33% OFF",237,341,341,115
62769f,STMDU-3,CAMP_SAN_01,P05,55,"25% OFF",16,12,12,41
8d7458,STCBE-1,CAMP_DIW_01,P12,62,"50% OFF",98,109,109,31
6bf19b,STTRV-1,CAMP_DIW_01,P04,290,"25% OFF",169,160,160,218
10a8b7,STMYS-2,CAMP_SAN_01,P12,62,"50% OFF",61,87,87,31
bcffbb,STCBE-0,CAMP_DIW_01,P11,190,"50% OFF",36,56,56,95
bea96f,STVSK-2,CAMP_SAN_01,P14,1020,BOGOF,64,250,500,510
ebd35e,STBLR-8,CAMP_DIW_01,P04,290,"25% OFF",323,251,251,218
b7f012,STMYS-2,CAMP_SAN_01,P15,3000,"500 Cashback",118,208,208,2500
b79118,STVSK-3,CAMP_DIW_01,P04,290,"25% OFF",236,210,210,218
657a95,STCHE-4,CAMP_DIW_01,P12,62,"50% OFF",126,168,168,31
f41ca1,STCBE-2,CAMP_DIW_01,P07,300,BOGOF,42,166,332,150
4d8607,STCHE-0,CAMP_DIW_01,P03,156,"25% OFF",323,293,293,117
ffcda1,STVJD-0,CAMP_DIW_01,P11,190,"50% OFF",42,55,55,95
c6e3ae,STCHE-0,CAMP_SAN_01,P13,350,BOGOF,117,457,914,175
a9d059,STCHE-7,CAMP_DIW_01,P14,1020,BOGOF,50,202,404,510
f21f4c,STVSK-3,CAMP_DIW_01,P09,110,"50% OFF",50,58,58,55
de0a50,STCHE-7,CAMP_SAN_01,P05,55,"25% OFF",28,26,26,41
eae38f,STVJD-1,CAMP_SAN_01,P13,350,BOGOF,73,286,572,175
1c7c7f,STBLR-8,CAMP_DIW_01,P14,1020,BOGOF,52,178,356,510
7f6f08,STBLR-7,CAMP_SAN_01,P05,55,"25% OFF",24,20,20,41
f63299,STVSK-0,CAMP_DIW_01,P02,860,"33% OFF",301,526,526,576
cfeac1,STHYD-6,CAMP_SAN_01,P14,1020,BOGOF,100,396,792,510
15b3a7,STMYS-3,CAMP_DIW_01,P05,55,"25% OFF",94,84,84,41
8e6e77,STBLR-0,CAMP_SAN_01,P08,1190,BOGOF,37,156,312,595
fc2f67,STBLR-5,CAMP_SAN_01,P06,415,"25% OFF",34,27,27,311
ac6273,STHYD-2,CAMP_DIW_01,P01,172,"33% OFF",281,435,435,115
e5804e,STHYD-0,CAMP_DIW_01,P01,172,"33% OFF",316,521,521,115
32b8a7,STBLR-2,CAMP_DIW_01,P03,156,"25% OFF",378,343,343,117
3f2255,STBLR-3,CAMP_DIW_01,P02,860,"33% OFF",381,563,563,576
75f9b8,STCHE-4,CAMP_SAN_01,P06,415,"25% OFF",27,22,22,311
df380c,STBLR-5,CAMP_SAN_01,P05,55,"25% OFF",25,21,21,41
3a1cad,STMDU-3,CAMP_DIW_01,P12,62,"50% OFF",87,93,93,31
d730ac,STCHE-0,CAMP_SAN_01,P06,415,"25% OFF",31,26,26,311
8aa62d,STCHE-2,CAMP_SAN_01,P12,62,"50% OFF",67,74,74,31
fd788c,STVSK-1,CAMP_DIW_01,P11,190,"50% OFF",43,58,58,95
fb9e95,STBLR-5,CAMP_DIW_01,P12,62,"50% OFF",141,179,179,31
cefb49,STMYS-3,CAMP_DIW_01,P02,860,"33% OFF",322,386,386,576
f0365e,STCHE-2,CAMP_DIW_01,P09,110,"50% OFF",85,90,90,55
1809f2,STVSK-4,CAMP_SAN_01,P06,415,"25% OFF",22,15,15,311
2e3594,STMDU-0,CAMP_DIW_01,P13,350,BOGOF,61,237,474,175
e0ef00,STBLR-9,CAMP_SAN_01,P03,200,BOGOF,309,1226,2452,100
46917a,STVSK-3,CAMP_DIW_01,P12,62,"50% OFF",105,115,115,31
63a2d2,STCHE-3,CAMP_DIW_01,P08,1190,BOGOF,47,186,372,595
6ae178,STCHE-7,CAMP_SAN_01,P10,50,"25% OFF",30,28,28,38
367e8d,STCBE-2,CAMP_SAN_01,P07,300,BOGOF,30,123,246,150
0a3c5c,STMDU-1,CAMP_DIW_01,P13,350,BOGOF,47,163,326,175
d1bfe5,STMDU-2,CAMP_DIW_01,P02,860,"33% OFF",301,385,385,576
9faad8,STHYD-0,CAMP_SAN_01,P09,90,"25% OFF",54,44,44,68
5947fb,STBLR-9,CAMP_SAN_01,P15,3000,"500 Cashback",118,251,251,2500
e7f270,STVSK-0,CAMP_SAN_01,P01,172,"33% OFF",211,322,322,115
06749d,STMDU-2,CAMP_DIW_01,P09,110,"50% OFF",47,54,54,55
eb4f04,STMLR-0,CAMP_SAN_01,P15,3000,"500 Cashback",54,89,89,2500
ff9fa7,STBLR-9,CAMP_SAN_01,P06,415,"25% OFF",43,40,40,311
669d35,STCHE-1,CAMP_DIW_01,P12,62,"50% OFF",108,124,124,31
546cc3,STHYD-3,CAMP_SAN_01,P01,172,"33% OFF",312,483,483,115
e7bb4f,STMDU-2,CAMP_DIW_01,P13,350,BOGOF,45,148,296,175
c4006c,STCBE-3,CAMP_DIW_01,P15,3000,"500 Cashback",243,724,724,2500
8e1636,STBLR-4,CAMP_SAN_01,P15,3000,"500 Cashback",109,249,249,2500
284539,STCHE-3,CAMP_SAN_01,P03,200,BOGOF,384,1678,3356,100
84aa9b,STCHE-0,CAMP_SAN_01,P02,860,"33% OFF",424,580,580,576
fe1a8b,STBLR-8,CAMP_SAN_01,P15,3000,"500 Cashback",126,278,278,2500
440bd9,STBLR-0,CAMP_SAN_01,P13,350,BOGOF,129,528,1056,175
63ef11,STCBE-4,CAMP_SAN_01,P09,90,"25% OFF",46,38,38,68
0312a8,STCHE-7,CAMP_DIW_01,P15,3000,"500 Cashback",393,1375,1375,2500
4b8e08,STHYD-1,CAMP_SAN_01,P11,190,"50% OFF",37,41,41,95
b94bda,STMYS-0,CAMP_DIW_01,P13,350,BOGOF,56,168,336,175
0c0339,STHYD-2,CAMP_DIW_01,P07,300,BOGOF,64,211,422,150
c5176d,STCBE-2,CAMP_SAN_01,P01,172,"33% OFF",196,307,307,115
b5b0f5,STCBE-0,CAMP_SAN_01,P02,860,"33% OFF",399,586,586,576
66f526,STVJD-0,CAMP_SAN_01,P10,50,"25% OFF",18,16,16,38
3153d6,STCBE-4,CAMP_SAN_01,P02,860,"33% OFF",396,558,558,576
a3caaa,STCHE-0,CAMP_DIW_01,P10,65,"50% OFF",126,167,167,33
2c7cc7,STBLR-1,CAMP_SAN_01,P10,50,"25% OFF",28,24,24,38
bed694,STTRV-1,CAMP_SAN_01,P10,50,"25% OFF",15,14,14,38
817b4f,STCHE-5,CAMP_DIW_01,P11,190,"50% OFF",78,92,92,95
d0daaa,STMDU-1,CAMP_SAN_01,P14,1020,BOGOF,63,244,488,510
bb974d,STBLR-2,CAMP_SAN_01,P03,200,BOGOF,307,1200,2400,100
e025ee,STVSK-1,CAMP_SAN_01,P07,300,BOGOF,27,107,214,150
0f5588,STMYS-3,CAMP_DIW_01,P03,156,"25% OFF",378,332,332,117
2e0950,STBLR-0,CAMP_DIW_01,P05,55,"25% OFF",133,114,114,41
62e500,STCHE-7,CAMP_DIW_01,P01,172,"33% OFF",346,505,505,115
37cb7c,STCHE-0,CAMP_DIW_01,P13,350,BOGOF,61,203,406,175
543c36,STHYD-4,CAMP_SAN_01,P07,300,BOGOF,58,225,450,150
d41d53,STCHE-5,CAMP_DIW_01,P01,172,"33% OFF",334,424,424,115
5f65df,STCHE-2,CAMP_SAN_01,P13,350,BOGOF,105,423,846,175
9acfa3,STCHE-0,CAMP_DIW_01,P12,62,"50% OFF",115,154,154,31
f94d7b,STMDU-2,CAMP_SAN_01,P13,350,BOGOF,96,377,754,175
75f30e,STCHE-2,CAMP_SAN_01,P15,3000,"500 Cashback",117,251,251,2500
b6b840,STCBE-1,CAMP_DIW_01,P02,860,"33% OFF",244,312,312,576
7b49ce,STVJD-1,CAMP_DIW_01,P15,3000,"500 Cashback",224,685,685,2500
a107c4,STVJD-0,CAMP_SAN_01,P05,55,"25% OFF",16,14,14,41
4858ab,STBLR-7,CAMP_SAN_01,P14,1020,BOGOF,124,514,1028,510
00a7c3,STTRV-1,CAMP_SAN_01,P02,860,"33% OFF",231,314,314,576
fe68f2,STBLR-2,CAMP_SAN_01,P01,172,"33% OFF",304,428,428,115
c8e17c,STMLR-1,CAMP_DIW_01,P02,860,"33% OFF",166,252,252,576
8376c6,STHYD-5,CAMP_SAN_01,P01,172,"33% OFF",336,467,467,115
bf49bf,STCHE-4,CAMP_SAN_01,P14,1020,BOGOF,111,473,946,510
aa54a7,STHYD-1,CAMP_DIW_01,P13,350,BOGOF,91,281,562,175
4aa530,STMYS-0,CAMP_DIW_01,P02,860,"33% OFF",465,674,674,576
5a4d9d,STCHE-1,CAMP_SAN_01,P02,860,"33% OFF",468,599,599,576
ce68be,STCHE-3,CAMP_SAN_01,P01,172,"33% OFF",310,421,421,115
9acae6,STMYS-0,CAMP_DIW_01,P05,55,"25% OFF",73,65,65,41
2ba1ba,STCHE-7,CAMP_SAN_01,P13,350,BOGOF,106,454,908,175
6909d3,STBLR-2,CAMP_DIW_01,P02,860,"33% OFF",390,585,585,576
d5769b,STCBE-2,CAMP_SAN_01,P09,90,"25% OFF",42,34,34,68
c0d022,STBLR-6,CAMP_SAN_01,P06,415,"25% OFF",33,28,28,311
5.80E+27,STMYS-2,CAMP_DIW_01,P07,300,BOGOF,73,215,430,150
ebbbb9,STVSK-1,CAMP_SAN_01,P05,55,"25% OFF",19,14,14,41
14ff29,STBLR-3,CAMP_SAN_01,P11,190,"50% OFF",43,62,62,95
f39a0c,STHYD-3,CAMP_SAN_01,P09,90,"25% OFF",49,37,37,68
5bc324,STTRV-1,CAMP_DIW_01,P14,1020,BOGOF,19,66,132,510
87564a,STCHE-6,CAMP_DIW_01,P04,290,"25% OFF",346,269,269,218
6ba4b5,STMDU-0,CAMP_SAN_01,P05,55,"25% OFF",15,12,12,41
7cf9ef,STMDU-3,CAMP_DIW_01,P11,190,"50% OFF",66,71,71,95
91649,STMDU-1,CAMP_SAN_01,P13,350,BOGOF,73,287,574,175
bfc9da,STBLR-9,CAMP_SAN_01,P04,370,BOGOF,387,1509,3018,185
788131,STBLR-3,CAMP_DIW_01,P10,65,"50% OFF",108,145,145,33
9ebcf9,STVSK-4,CAMP_DIW_01,P10,65,"50% OFF",80,109,109,33
b60e6a,STBLR-6,CAMP_SAN_01,P09,90,"25% OFF",63,51,51,68
c3b511,STCBE-3,CAMP_SAN_01,P14,1020,BOGOF,75,297,594,510
de6e7e,STVSK-1,CAMP_SAN_01,P15,3000,"500 Cashback",88,186,186,2500
8f80ed,STVSK-3,CAMP_DIW_01,P11,190,"50% OFF",52,57,57,95
a298bc,STVJD-1,CAMP_DIW_01,P07,300,BOGOF,33,109,218,150
003c65,STBLR-9,CAMP_SAN_01,P13,350,BOGOF,114,457,914,175
5f313a,STCHE-2,CAMP_DIW_01,P10,65,"50% OFF",124,135,135,33
4f1bb6,STMYS-0,CAMP_SAN_01,P11,190,"50% OFF",46,63,63,95
cd4c5a,STMLR-0,CAMP_SAN_01,P09,90,"25% OFF",34,28,28,68
6.59E+23,STVJD-0,CAMP_SAN_01,P01,172,"33% OFF",186,252,252,115
5abaf9,STCHE-3,CAMP_SAN_01,P07,300,BOGOF,37,155,310,150
bb83e5,STMDU-2,CAMP_DIW_01,P08,1190,BOGOF,40,133,266,595
531a22,STBLR-3,CAMP_DIW_01,P11,190,"50% OFF",71,90,90,95
fe1c63,STMYS-3,CAMP_DIW_01,P11,190,"50% OFF",71,76,76,95
6046fa,STBLR-4,CAMP_DIW_01,P12,62,"50% OFF",141,180,180,31
ef95a9,STBLR-3,CAMP_DIW_01,P13,350,BOGOF,87,298,596,175
16fb87,STBLR-2,CAMP_SAN_01,P10,50,"25% OFF",37,31,31,38
be3489,STHYD-3,CAMP_DIW_01,P14,1020,BOGOF,38,119,238,510
c4a484,STMYS-2,CAMP_DIW_01,P01,172,"33% OFF",295,454,454,115
fb70b4,STCHE-2,CAMP_DIW_01,P03,156,"25% OFF",355,347,347,117
1bfbb8,STCHE-7,CAMP_DIW_01,P12,62,"50% OFF",171,222,222,31
a6276f,STCHE-4,CAMP_DIW_01,P14,1020,BOGOF,56,224,448,510
f95092,STVSK-1,CAMP_SAN_01,P13,350,BOGOF,124,500,1000,175
da99ec,STCHE-5,CAMP_DIW_01,P14,1020,BOGOF,54,184,368,510
9c2c14,STVSK-0,CAMP_DIW_01,P14,1020,BOGOF,29,97,194,510
11971a,STHYD-2,CAMP_SAN_01,P11,190,"50% OFF",45,62,62,95
3426bd,STCBE-0,CAMP_DIW_01,P10,65,"50% OFF",80,124,124,33
46021e,STCHE-1,CAMP_SAN_01,P07,300,BOGOF,31,79,158,150
29687a,STVJD-0,CAMP_SAN_01,P02,860,"33% OFF",298,420,420,576
655aa2,STHYD-0,CAMP_DIW_01,P10,65,"50% OFF",112,170,170,33
49e9ea,STHYD-2,CAMP_SAN_01,P04,370,BOGOF,415,1672,3344,185
0beb9b,STVSK-2,CAMP_SAN_01,P12,62,"50% OFF",28,43,43,31
29411f,STBLR-6,CAMP_SAN_01,P08,1190,BOGOF,69,303,606,595
8ff2bb,STBLR-2,CAMP_SAN_01,P06,415,"25% OFF",40,33,33,311
918a17,STVSK-1,CAMP_DIW_01,P14,1020,BOGOF,26,91,182,510
1e5c85,STBLR-7,CAMP_DIW_01,P01,172,"33% OFF",341,606,606,115
7d89b1,STVSK-3,CAMP_DIW_01,P08,1190,BOGOF,45,138,276,595
5db3e3,STBLR-2,CAMP_DIW_01,P13,350,BOGOF,78,274,548,175
35637b,STVSK-4,CAMP_DIW_01,P03,156,"25% OFF",301,237,237,117
e788e5,STMYS-0,CAMP_SAN_01,P10,50,"25% OFF",30,24,24,38
5c2d1f,STCBE-2,CAMP_SAN_01,P03,200,BOGOF,304,1340,2680,100
e96e9d,STHYD-1,CAMP_DIW_01,P15,3000,"500 Cashback",362,959,959,2500
6a7fa1,STVJD-1,CAMP_SAN_01,P14,1020,BOGOF,61,243,486,510
1274dc,STCBE-4,CAMP_DIW_01,P09,110,"50% OFF",54,68,68,55
fc7056,STBLR-2,CAMP_DIW_01,P08,1190,BOGOF,40,135,270,595
69a46e,STCHE-2,CAMP_DIW_01,P01,172,"33% OFF",320,416,416,115
a05e82,STMYS-3,CAMP_SAN_01,P13,350,BOGOF,124,527,1054,175
da1969,STVSK-1,CAMP_SAN_01,P03,200,BOGOF,322,1291,2582,100
2fc575,STBLR-0,CAMP_DIW_01,P12,62,"50% OFF",147,198,198,31
4ced30,STCHE-3,CAMP_SAN_01,P09,90,"25% OFF",60,49,49,68
a37110,STHYD-0,CAMP_DIW_01,P04,290,"25% OFF",367,330,330,218
8829ef,STCBE-0,CAMP_SAN_01,P12,62,"50% OFF",39,61,61,31
aa6972,STMDU-0,CAMP_DIW_01,P12,62,"50% OFF",103,131,131,31
dd8425,STCHE-0,CAMP_SAN_01,P11,190,"50% OFF",49,71,71,95
f8a2a6,STMDU-1,CAMP_SAN_01,P09,90,"25% OFF",45,36,36,68
c1c42d,STMLR-1,CAMP_SAN_01,P09,90,"25% OFF",28,22,22,68
6eede8,STTRV-0,CAMP_SAN_01,P11,190,"50% OFF",22,30,30,95
092c09,STHYD-5,CAMP_DIW_01,P08,1190,BOGOF,43,147,294,595
3f34d5,STCBE-2,CAMP_DIW_01,P09,110,"50% OFF",50,80,80,55
2b50e0,STBLR-6,CAMP_DIW_01,P15,3000,"500 Cashback",390,1318,1318,2500
92151c,STMDU-3,CAMP_SAN_01,P10,50,"25% OFF",25,20,20,38
4ad12b,STBLR-4,CAMP_DIW_01,P15,3000,"500 Cashback",407,1245,1245,2500
1824c2,STHYD-6,CAMP_SAN_01,P12,62,"50% OFF",67,93,93,31
9b309b,STMYS-0,CAMP_SAN_01,P09,90,"25% OFF",67,56,56,68
0dfaac,STCHE-6,CAMP_DIW_01,P02,860,"33% OFF",434,629,629,576
652101,STBLR-1,CAMP_DIW_01,P07,300,BOGOF,61,189,378,150
6ec0eb,STCHE-2,CAMP_DIW_01,P15,3000,"500 Cashback",369,1073,1073,2500
07ee94,STCHE-4,CAMP_DIW_01,P03,156,"25% OFF",369,332,332,117
4a34a6,STVSK-4,CAMP_SAN_01,P09,90,"25% OFF",34,25,25,68
8ea7e8,STVJD-1,CAMP_SAN_01,P09,90,"25% OFF",37,26,26,68
6ee8ab,STVSK-0,CAMP_SAN_01,P06,415,"25% OFF",16,13,13,311
0d70f7,STVSK-2,CAMP_DIW_01,P01,172,"33% OFF",210,367,367,115
deea3e,STMLR-1,CAMP_SAN_01,P14,1020,BOGOF,51,198,396,510
699bac,STCHE-7,CAMP_SAN_01,P07,300,BOGOF,42,183,366,150
cc4a67,STTRV-0,CAMP_DIW_01,P03,156,"25% OFF",187,181,181,117
b456c0,STBLR-3,CAMP_DIW_01,P06,415,"25% OFF",91,72,72,311
d2dc77,STMLR-0,CAMP_DIW_01,P13,350,BOGOF,40,119,238,175
f78e86,STCHE-3,CAMP_DIW_01,P06,415,"25% OFF",77,67,67,311
9d1009,STHYD-0,CAMP_DIW_01,P06,415,"25% OFF",78,68,68,311
0179b3,STMLR-2,CAMP_SAN_01,P05,55,"25% OFF",15,12,12,41
933cae,STCHE-3,CAMP_SAN_01,P06,415,"25% OFF",28,23,23,311
7704c2,STBLR-7,CAMP_SAN_01,P04,370,BOGOF,382,1638,3276,185
b55027,STCHE-6,CAMP_SAN_01,P10,50,"25% OFF",31,22,22,38
0842b9,STCBE-1,CAMP_DIW_01,P04,290,"25% OFF",227,172,172,218
1142fd,STVSK-3,CAMP_DIW_01,P05,55,"25% OFF",71,63,63,41
35e1c7,STBLR-1,CAMP_DIW_01,P14,1020,BOGOF,54,169,338,510
80255e,STMDU-0,CAMP_DIW_01,P05,55,"25% OFF",57,50,50,41
37cb87,STBLR-1,CAMP_SAN_01,P07,300,BOGOF,46,115,230,150
fd5855,STVSK-4,CAMP_SAN_01,P08,1190,BOGOF,25,64,128,595
0f714a,STVJD-1,CAMP_SAN_01,P06,415,"25% OFF",16,11,11,311
4ab3c2,STVSK-1,CAMP_DIW_01,P09,110,"50% OFF",64,81,81,55
57d06d,STCBE-1,CAMP_SAN_01,P09,90,"25% OFF",54,39,39,68
ad783e,STCHE-4,CAMP_SAN_01,P10,50,"25% OFF",30,25,25,38
cf616b,STMYS-2,CAMP_DIW_01,P09,110,"50% OFF",64,84,84,55
e5e0dc,STHYD-0,CAMP_SAN_01,P07,300,BOGOF,52,204,408,150
30bacd,STBLR-3,CAMP_DIW_01,P14,1020,BOGOF,42,143,286,510
68e849,STMLR-2,CAMP_DIW_01,P06,415,"25% OFF",40,34,34,311
c3b647,STCHE-5,CAMP_SAN_01,P08,1190,BOGOF,64,256,512,595
5dfa52,STVSK-2,CAMP_DIW_01,P04,290,"25% OFF",244,217,217,218
9d63a7,STHYD-6,CAMP_SAN_01,P08,1190,BOGOF,43,166,332,595
9fae1c,STHYD-2,CAMP_DIW_01,P15,3000,"500 Cashback",400,1176,1176,2500
ae288b,STMYS-0,CAMP_DIW_01,P11,190,"50% OFF",89,113,113,95
f940cf,STHYD-6,CAMP_DIW_01,P13,350,BOGOF,77,260,520,175
7cf0d8,STMDU-0,CAMP_SAN_01,P14,1020,BOGOF,79,349,698,510
a7c40d,STMLR-1,CAMP_DIW_01,P09,110,"50% OFF",38,50,50,55
d4ccb5,STCBE-1,CAMP_DIW_01,P05,55,"25% OFF",61,50,50,41
9953ec,STTRV-0,CAMP_SAN_01,P04,370,BOGOF,187,733,1466,185
fc9ab7,STCBE-1,CAMP_DIW_01,P08,1190,BOGOF,40,140,280,595
f32df2,STHYD-6,CAMP_DIW_01,P04,290,"25% OFF",390,339,339,218
cf6323,STTRV-0,CAMP_DIW_01,P15,3000,"500 Cashback",190,547,547,2500
5372de,STCBE-3,CAMP_SAN_01,P10,50,"25% OFF",28,22,22,38
24054f,STBLR-4,CAMP_DIW_01,P09,110,"50% OFF",89,116,116,55
4f75fe,STMYS-2,CAMP_DIW_01,P08,1190,BOGOF,42,123,246,595
21a8a0,STBLR-4,CAMP_SAN_01,P01,172,"33% OFF",286,394,394,115
800f42,STMDU-3,CAMP_SAN_01,P03,200,BOGOF,273,1097,2194,100
cdb883,STMDU-0,CAMP_SAN_01,P12,62,"50% OFF",46,66,66,31
9c2777,STCHE-6,CAMP_SAN_01,P02,860,"33% OFF",463,629,629,576
a6cb9e,STVSK-2,CAMP_SAN_01,P05,55,"25% OFF",15,12,12,41
f23d14,STHYD-1,CAMP_SAN_01,P05,55,"25% OFF",25,21,21,41
ee68d9,STCHE-1,CAMP_SAN_01,P15,3000,"500 Cashback",136,242,242,2500
5e1671,STCHE-2,CAMP_SAN_01,P10,50,"25% OFF",34,30,30,38
e411c6,STHYD-4,CAMP_DIW_01,P15,3000,"500 Cashback",323,965,965,2500
9ff4a9,STMDU-1,CAMP_DIW_01,P10,65,"50% OFF",94,120,120,33
49706e,STMDU-3,CAMP_SAN_01,P15,3000,"500 Cashback",120,274,274,2500
7e28fb,STHYD-4,CAMP_DIW_01,P06,415,"25% OFF",96,92,92,311
e4f1f3,STCBE-3,CAMP_SAN_01,P11,190,"50% OFF",33,50,50,95
af2b25,STBLR-7,CAMP_DIW_01,P13,350,BOGOF,85,338,676,175
fe4bf5,STCHE-4,CAMP_DIW_01,P06,415,"25% OFF",91,80,80,311
d91475,STMYS-0,CAMP_DIW_01,P07,300,BOGOF,61,189,378,150
09d857,STHYD-5,CAMP_DIW_01,P02,860,"33% OFF",386,594,594,576
aa96fc,STCHE-4,CAMP_SAN_01,P04,370,BOGOF,379,1603,3206,185
2c893f,STCHE-3,CAMP_DIW_01,P12,62,"50% OFF",103,129,129,31
bac74e,STBLR-9,CAMP_SAN_01,P01,172,"33% OFF",319,449,449,115
31c430,STHYD-1,CAMP_SAN_01,P01,172,"33% OFF",312,393,393,115
432f1d,STBLR-4,CAMP_SAN_01,P05,55,"25% OFF",19,15,15,41
6edb42,STBLR-8,CAMP_SAN_01,P10,50,"25% OFF",36,26,26,38
115760,STMDU-2,CAMP_DIW_01,P07,300,BOGOF,43,147,294,150
acf9c2,STCHE-4,CAMP_SAN_01,P01,172,"33% OFF",235,329,329,115
0c9f61,STBLR-7,CAMP_SAN_01,P03,200,BOGOF,433,1883,3766,100
40baa1,STCBE-0,CAMP_SAN_01,P08,1190,BOGOF,42,167,334,595
ba7fb5,STCHE-0,CAMP_DIW_01,P05,55,"25% OFF",119,107,107,41
555fcd,STVSK-3,CAMP_DIW_01,P13,350,BOGOF,57,178,356,175
c649ca,STMYS-1,CAMP_SAN_01,P02,860,"33% OFF",595,886,886,576
578a67,STBLR-2,CAMP_DIW_01,P11,190,"50% OFF",101,131,131,95
35701b,STVJD-0,CAMP_DIW_01,P04,290,"25% OFF",192,188,188,218
77c2be,STBLR-8,CAMP_DIW_01,P06,415,"25% OFF",78,62,62,311
8cd89f,STHYD-0,CAMP_SAN_01,P03,200,BOGOF,363,1408,2816,100
21006,STVSK-2,CAMP_SAN_01,P03,200,BOGOF,192,754,1508,100
1c3fb4,STMLR-1,CAMP_SAN_01,P02,860,"33% OFF",237,327,327,576
0e96b4,STCBE-4,CAMP_SAN_01,P14,1020,BOGOF,93,234,468,510
3ea7d6,STMYS-0,CAMP_SAN_01,P15,3000,"500 Cashback",105,173,173,2500
fb508c,STBLR-9,CAMP_DIW_01,P15,3000,"500 Cashback",358,1070,1070,2500
d671d3,STVSK-1,CAMP_DIW_01,P12,62,"50% OFF",91,113,113,31
365da3,STCBE-1,CAMP_SAN_01,P06,415,"25% OFF",21,15,15,311
33da9a,STHYD-5,CAMP_DIW_01,P14,1020,BOGOF,54,183,366,510
e391bc,STHYD-0,CAMP_DIW_01,P09,110,"50% OFF",77,113,113,55
cd4812,STMDU-3,CAMP_DIW_01,P07,300,BOGOF,47,162,324,150
c4123e,STCHE-7,CAMP_DIW_01,P02,860,"33% OFF",336,507,507,576
933f7e,STCHE-7,CAMP_DIW_01,P07,300,BOGOF,71,282,564,150
7c8fd1,STMYS-3,CAMP_DIW_01,P15,3000,"500 Cashback",416,1472,1472,2500
4cd232,STVJD-0,CAMP_DIW_01,P14,1020,BOGOF,28,92,184,510
65a802,STMLR-1,CAMP_SAN_01,P05,55,"25% OFF",13,10,10,41
ffdcb8,STHYD-6,CAMP_SAN_01,P02,860,"33% OFF",454,644,644,576
496b80,STHYD-4,CAMP_SAN_01,P15,3000,"500 Cashback",118,253,253,2500
4001c4,STBLR-6,CAMP_SAN_01,P04,370,BOGOF,402,1652,3304,185
84dbe3,STHYD-1,CAMP_SAN_01,P07,300,BOGOF,51,140,280,150
45c35a,STHYD-5,CAMP_SAN_01,P11,190,"50% OFF",54,76,76,95
6d343d,STHYD-6,CAMP_DIW_01,P12,62,"50% OFF",133,167,167,31
a672df,STMDU-1,CAMP_SAN_01,P12,62,"50% OFF",36,49,49,31
ba0b3e,STBLR-7,CAMP_SAN_01,P07,300,BOGOF,40,165,330,150
5.23E+42,STCHE-5,CAMP_DIW_01,P15,3000,"500 Cashback",388,1187,1187,2500
faeeb8,STHYD-2,CAMP_DIW_01,P09,110,"50% OFF",80,107,107,55
3adeb2,STMYS-0,CAMP_SAN_01,P14,1020,BOGOF,84,219,438,510
a40872,STBLR-7,CAMP_DIW_01,P14,1020,BOGOF,47,189,378,510
35e3ec,STMDU-1,CAMP_SAN_01,P07,300,BOGOF,40,154,308,150
8a7e7e,STMYS-0,CAMP_SAN_01,P03,200,BOGOF,333,869,1738,100
b4867e,STCHE-6,CAMP_SAN_01,P11,190,"50% OFF",57,79,79,95
cea0e2,STCHE-2,CAMP_DIW_01,P11,190,"50% OFF",73,84,84,95
a6a18f,STHYD-6,CAMP_SAN_01,P06,415,"25% OFF",34,27,27,311
1fcfc6,STVSK-0,CAMP_SAN_01,P11,190,"50% OFF",31,46,46,95
5dda21,STCBE-0,CAMP_SAN_01,P14,1020,BOGOF,69,274,548,510
b5cd07,STVSK-3,CAMP_SAN_01,P01,172,"33% OFF",222,275,275,115
1a1edd,STBLR-7,CAMP_DIW_01,P03,156,"25% OFF",343,301,301,117
f682ec,STBLR-0,CAMP_SAN_01,P01,172,"33% OFF",273,382,382,115
693708,STBLR-3,CAMP_SAN_01,P03,200,BOGOF,454,1788,3576,100
349c73,STCHE-2,CAMP_DIW_01,P14,1020,BOGOF,57,189,378,510
50802a,STCHE-3,CAMP_DIW_01,P07,300,BOGOF,64,257,514,150
e4b7e4,STHYD-6,CAMP_DIW_01,P09,110,"50% OFF",78,102,102,55
5bfb5e,STCBE-4,CAMP_DIW_01,P10,65,"50% OFF",57,72,72,33
6af3e0,STBLR-6,CAMP_SAN_01,P14,1020,BOGOF,103,444,888,510
6b74c8,STBLR-5,CAMP_DIW_01,P15,3000,"500 Cashback",379,1095,1095,2500
ec9948,STCBE-2,CAMP_DIW_01,P05,55,"25% OFF",99,86,86,41
c24879,STCBE-1,CAMP_SAN_01,P04,370,BOGOF,370,1439,2878,185
3c0536,STBLR-4,CAMP_SAN_01,P03,200,BOGOF,415,1622,3244,100
19bc3b,STMDU-1,CAMP_DIW_01,P09,110,"50% OFF",47,62,62,55
691b63,STCHE-6,CAMP_DIW_01,P15,3000,"500 Cashback",432,1291,1291,2500
3ace0f,STVSK-2,CAMP_DIW_01,P09,110,"50% OFF",64,98,98,55
8cee6d,STCBE-3,CAMP_DIW_01,P14,1020,BOGOF,22,73,146,510
1f03e5,STVJD-0,CAMP_DIW_01,P13,350,BOGOF,45,157,314,175
d3227b,STMYS-2,CAMP_DIW_01,P04,290,"25% OFF",343,312,312,218
731f58,STMYS-0,CAMP_SAN_01,P05,55,"25% OFF",28,22,22,41
98e55f,STBLR-4,CAMP_DIW_01,P06,415,"25% OFF",101,90,90,311
dee3e9,STCBE-0,CAMP_SAN_01,P03,200,BOGOF,384,1509,3018,100
3.59E+89,STBLR-3,CAMP_SAN_01,P06,415,"25% OFF",22,16,16,311
4c1375,STHYD-4,CAMP_DIW_01,P10,65,"50% OFF",148,196,196,33
480431,STVSK-2,CAMP_SAN_01,P04,370,BOGOF,408,1607,3214,185
6d153f,STHYD-5,CAMP_SAN_01,P15,3000,"500 Cashback",122,272,272,2500
508621,STCBE-2,CAMP_SAN_01,P02,860,"33% OFF",508,751,751,576
1fc58f,STMDU-1,CAMP_SAN_01,P01,172,"33% OFF",244,334,334,115
a25cbf,STCHE-2,CAMP_DIW_01,P04,290,"25% OFF",295,289,289,218
adf52a,STBLR-6,CAMP_DIW_01,P14,1020,BOGOF,47,179,358,510
c9899d,STTRV-1,CAMP_DIW_01,P02,860,"33% OFF",199,300,300,576
17195,STCHE-4,CAMP_SAN_01,P11,190,"50% OFF",45,64,64,95
e875c6,STCBE-2,CAMP_DIW_01,P03,156,"25% OFF",225,195,195,117
69557f,STBLR-1,CAMP_DIW_01,P10,65,"50% OFF",106,137,137,33
65f85a,STBLR-7,CAMP_SAN_01,P12,62,"50% OFF",58,92,92,31
f45be0,STCHE-2,CAMP_SAN_01,P05,55,"25% OFF",25,23,23,41
491ff2,STVJD-1,CAMP_SAN_01,P12,62,"50% OFF",30,42,42,31
b7286f,STBLR-5,CAMP_SAN_01,P02,860,"33% OFF",507,704,704,576
45512d,STMYS-3,CAMP_SAN_01,P04,370,BOGOF,336,1434,2868,185
edac38,STBLR-1,CAMP_DIW_01,P11,190,"50% OFF",70,93,93,95
4572a3,STCHE-1,CAMP_SAN_01,P11,190,"50% OFF",48,55,55,95
896c2a,STTRV-0,CAMP_DIW_01,P04,290,"25% OFF",180,171,171,218
308de6,STMDU-2,CAMP_DIW_01,P01,172,"33% OFF",225,279,279,115
4fc1b2,STCHE-2,CAMP_DIW_01,P08,1190,BOGOF,47,165,330,595
a7fecb,STBLR-1,CAMP_SAN_01,P03,200,BOGOF,361,963,1926,100
8564bb,STVSK-4,CAMP_SAN_01,P04,370,BOGOF,291,762,1524,185
11ea6f,STMDU-2,CAMP_DIW_01,P04,290,"25% OFF",271,243,243,218
cca40f,STBLR-1,CAMP_SAN_01,P12,62,"50% OFF",73,102,102,31
f97b6d,STMLR-2,CAMP_DIW_01,P07,300,BOGOF,33,115,230,150
69a3d2,STTRV-1,CAMP_SAN_01,P08,1190,BOGOF,24,92,184,595
bdfb7d,STHYD-4,CAMP_SAN_01,P05,55,"25% OFF",16,15,15,41
30f1c0,STVJD-1,CAMP_SAN_01,P07,300,BOGOF,22,88,176,150
390df2,STBLR-0,CAMP_SAN_01,P06,415,"25% OFF",31,26,26,311
e0844a,STTRV-1,CAMP_DIW_01,P10,65,"50% OFF",64,80,80,33
0a0062,STHYD-4,CAMP_DIW_01,P12,62,"50% OFF",110,146,146,31
886ef2,STMLR-2,CAMP_DIW_01,P08,1190,BOGOF,22,73,146,595
2ef46d,STMDU-0,CAMP_DIW_01,P02,860,"33% OFF",278,430,430,576
52d20e,STHYD-1,CAMP_DIW_01,P10,65,"50% OFF",134,156,156,33
785811,STCHE-0,CAMP_SAN_01,P10,50,"25% OFF",25,20,20,38
3952a0,STHYD-2,CAMP_SAN_01,P13,350,BOGOF,114,441,882,175
ed2257,STBLR-2,CAMP_DIW_01,P01,172,"33% OFF",358,529,529,115
02c389,STBLR-8,CAMP_DIW_01,P12,62,"50% OFF",120,159,159,31
a937e8,STMDU-3,CAMP_SAN_01,P14,1020,BOGOF,87,347,694,510
aabcfb,STVSK-3,CAMP_SAN_01,P02,860,"33% OFF",345,438,438,576
5f8870,STMYS-1,CAMP_DIW_01,P13,350,BOGOF,70,270,540,175
e207f7,STCHE-1,CAMP_DIW_01,P11,190,"50% OFF",77,83,83,95
9154f0,STCHE-4,CAMP_DIW_01,P11,190,"50% OFF",91,123,123,95
e24a3a,STVSK-1,CAMP_DIW_01,P07,300,BOGOF,49,170,340,150
8c62ba,STVSK-0,CAMP_DIW_01,P01,172,"33% OFF",161,265,265,115
835bbe,STHYD-4,CAMP_SAN_01,P09,90,"25% OFF",54,49,49,68
4fe9ba,STVSK-2,CAMP_DIW_01,P07,300,BOGOF,45,150,300,150
e2c5f7,STTRV-0,CAMP_DIW_01,P08,1190,BOGOF,31,102,204,595
8f66c3,STMLR-1,CAMP_SAN_01,P01,172,"33% OFF",126,175,175,115
9871ea,STVSK-1,CAMP_SAN_01,P10,50,"25% OFF",25,18,18,38
b27f2a,STBLR-6,CAMP_SAN_01,P10,50,"25% OFF",37,30,30,38
e88818,STCHE-7,CAMP_DIW_01,P06,415,"25% OFF",82,79,79,311
eae379,STVJD-0,CAMP_DIW_01,P01,172,"33% OFF",161,231,231,115
8937eb,STCHE-1,CAMP_DIW_01,P03,156,"25% OFF",357,317,317,117
718bb4,STHYD-2,CAMP_DIW_01,P12,62,"50% OFF",129,165,165,31
6f3721,STMDU-3,CAMP_SAN_01,P13,350,BOGOF,118,464,928,175
366c89,STMDU-3,CAMP_SAN_01,P06,415,"25% OFF",25,20,20,311
a304b6,STHYD-3,CAMP_DIW_01,P03,156,"25% OFF",285,222,222,117
32d8f2,STCHE-5,CAMP_SAN_01,P05,55,"25% OFF",31,26,26,41
2f0b42,STVSK-1,CAMP_SAN_01,P01,172,"33% OFF",213,302,302,115
c0929c,STHYD-0,CAMP_SAN_01,P05,55,"25% OFF",18,14,14,41
86196b,STTRV-0,CAMP_SAN_01,P06,415,"25% OFF",13,11,11,311
e621c9,STMLR-0,CAMP_SAN_01,P11,190,"50% OFF",27,39,39,95
bb77b1,STMYS-3,CAMP_DIW_01,P14,1020,BOGOF,54,206,412,510
811007,STBLR-9,CAMP_SAN_01,P05,55,"25% OFF",27,25,25,41
c405b3,STCBE-2,CAMP_DIW_01,P04,290,"25% OFF",252,221,221,218
2.36E+34,STMDU-1,CAMP_DIW_01,P11,190,"50% OFF",52,65,65,95
1490b8,STMDU-2,CAMP_SAN_01,P04,370,BOGOF,361,1397,2794,185
cc5ed4,STMYS-2,CAMP_DIW_01,P03,156,"25% OFF",444,395,395,117
583386,STBLR-9,CAMP_SAN_01,P08,1190,BOGOF,63,254,508,595
ebc2d2,STVSK-4,CAMP_DIW_01,P06,415,"25% OFF",70,53,53,311
7d3d63,STCHE-1,CAMP_DIW_01,P13,350,BOGOF,68,205,410,175
6ebca9,STTRV-0,CAMP_SAN_01,P13,350,BOGOF,60,240,480,175
48d526,STCHE-7,CAMP_SAN_01,P15,3000,"500 Cashback",115,332,332,2500
716abd,STMYS-1,CAMP_SAN_01,P08,1190,BOGOF,54,238,476,595
fa0c0c,STCBE-1,CAMP_DIW_01,P13,350,BOGOF,40,132,264,175
c15780,STVJD-1,CAMP_SAN_01,P04,370,BOGOF,183,708,1416,185
e17280,STVSK-2,CAMP_DIW_01,P08,1190,BOGOF,38,129,258,595
388a78,STMDU-0,CAMP_SAN_01,P03,200,BOGOF,307,1277,2554,100
e116d8,STVSK-4,CAMP_DIW_01,P12,62,"50% OFF",98,133,133,31
9cf38e,STCBE-3,CAMP_SAN_01,P09,90,"25% OFF",40,32,32,68
e97ac0,STTRV-0,CAMP_SAN_01,P12,62,"50% OFF",22,30,30,31
02fe6a,STMLR-1,CAMP_DIW_01,P04,290,"25% OFF",152,133,133,218
a34aa4,STBLR-5,CAMP_DIW_01,P03,156,"25% OFF",369,332,332,117
7f1521,STMYS-1,CAMP_SAN_01,P05,55,"25% OFF",19,14,14,41
8d14e2,STBLR-8,CAMP_DIW_01,P05,55,"25% OFF",105,82,82,41
7a22bc,STBLR-6,CAMP_DIW_01,P01,172,"33% OFF",283,492,492,115
32c24e,STBLR-8,CAMP_DIW_01,P02,860,"33% OFF",392,568,568,576
966652,STCBE-3,CAMP_DIW_01,P05,55,"25% OFF",64,55,55,41
acaff0,STHYD-0,CAMP_DIW_01,P12,62,"50% OFF",133,195,195,31
b91c31,STMYS-1,CAMP_DIW_01,P05,55,"25% OFF",89,71,71,41
05e55f,STBLR-0,CAMP_SAN_01,P03,200,BOGOF,415,1759,3518,100
108d5a,STCBE-0,CAMP_DIW_01,P14,1020,BOGOF,29,101,202,510
160abb,STCBE-3,CAMP_SAN_01,P02,860,"33% OFF",336,534,534,576
613571,STTRV-1,CAMP_DIW_01,P15,3000,"500 Cashback",168,514,514,2500
fea4be,STMYS-3,CAMP_SAN_01,P07,300,BOGOF,30,129,258,150
d33301,STHYD-0,CAMP_DIW_01,P05,55,"25% OFF",98,88,88,41
675714,STCBE-3,CAMP_DIW_01,P13,350,BOGOF,61,201,402,175
4cefe1,STMYS-1,CAMP_DIW_01,P12,62,"50% OFF",127,185,185,31
34395c,STBLR-0,CAMP_DIW_01,P15,3000,"500 Cashback",434,1514,1514,2500
90b5b0,STBLR-3,CAMP_SAN_01,P05,55,"25% OFF",25,18,18,41
6e79d3,STBLR-2,CAMP_SAN_01,P04,370,BOGOF,373,1439,2878,185
79bfae,STMYS-2,CAMP_DIW_01,P10,65,"50% OFF",134,182,182,33
5202ed,STBLR-4,CAMP_DIW_01,P03,156,"25% OFF",306,275,275,117
e31e72,STHYD-4,CAMP_SAN_01,P10,50,"25% OFF",33,31,31,38
3131b7,STMYS-3,CAMP_SAN_01,P09,90,"25% OFF",54,45,45,68
d134e0,STBLR-3,CAMP_DIW_01,P15,3000,"500 Cashback",442,1365,1365,2500
605f5e,STVJD-0,CAMP_DIW_01,P06,415,"25% OFF",52,50,50,311
d622c3,STHYD-0,CAMP_SAN_01,P10,50,"25% OFF",25,20,20,38
fc3573,STMYS-2,CAMP_SAN_01,P08,1190,BOGOF,61,163,326,595
d4b484,STHYD-2,CAMP_DIW_01,P10,65,"50% OFF",140,186,186,33
9c5d5a,STMDU-1,CAMP_DIW_01,P02,860,"33% OFF",308,455,455,576
1507,STMDU-3,CAMP_DIW_01,P09,110,"50% OFF",57,61,61,55
91fec3,STMYS-1,CAMP_DIW_01,P06,415,"25% OFF",101,79,79,311
66c422,STBLR-5,CAMP_DIW_01,P07,300,BOGOF,66,227,454,150
0e888c,STVSK-3,CAMP_DIW_01,P02,860,"33% OFF",274,334,334,576
fe72b2,STHYD-3,CAMP_SAN_01,P13,350,BOGOF,133,337,674,175
baecfe,STVJD-0,CAMP_SAN_01,P12,62,"50% OFF",31,43,43,31
261bd6,STCHE-0,CAMP_DIW_01,P02,860,"33% OFF",308,452,452,576
85e08f,STVSK-4,CAMP_DIW_01,P08,1190,BOGOF,50,152,304,595
73564c,STBLR-5,CAMP_SAN_01,P11,190,"50% OFF",43,63,63,95
316f12,STHYD-6,CAMP_SAN_01,P05,55,"25% OFF",33,27,27,41
eb3ac8,STHYD-0,CAMP_SAN_01,P06,415,"25% OFF",42,34,34,311
930325,STTRV-0,CAMP_SAN_01,P09,90,"25% OFF",31,28,28,68
292d0a,STMDU-0,CAMP_SAN_01,P01,172,"33% OFF",219,304,304,115
d4fced,STHYD-0,CAMP_SAN_01,P13,350,BOGOF,132,520,1040,175
da3d1d,STVSK-2,CAMP_DIW_01,P06,415,"25% OFF",78,69,69,311
73f158,STHYD-2,CAMP_SAN_01,P14,1020,BOGOF,118,459,918,510
b8c7c8,STHYD-6,CAMP_SAN_01,P10,50,"25% OFF",31,26,26,38
141aea,STCHE-7,CAMP_SAN_01,P14,1020,BOGOF,111,493,986,510
42ba27,STBLR-2,CAMP_DIW_01,P05,55,"25% OFF",115,101,101,41
870b25,STMYS-0,CAMP_SAN_01,P04,370,BOGOF,418,1116,2232,185
e3929b,STMYS-0,CAMP_DIW_01,P12,62,"50% OFF",98,128,128,31
6562df,STCBE-1,CAMP_SAN_01,P14,1020,BOGOF,78,310,620,510
fe94ae,STMYS-1,CAMP_SAN_01,P04,370,BOGOF,450,1984,3968,185
66b7cc,STCHE-3,CAMP_DIW_01,P13,350,BOGOF,82,328,656,175
3d7dc9,STCHE-1,CAMP_DIW_01,P10,65,"50% OFF",127,133,133,33
5.40E+190,STBLR-0,CAMP_DIW_01,P02,860,"33% OFF",362,535,535,576
1d8f76,STMYS-0,CAMP_DIW_01,P01,172,"33% OFF",301,433,433,115
4e7ca5,STMYS-1,CAMP_DIW_01,P07,300,BOGOF,54,219,438,150
1bb04d,STCBE-3,CAMP_SAN_01,P01,172,"33% OFF",240,355,355,115
793873,STVSK-2,CAMP_DIW_01,P03,156,"25% OFF",248,225,225,117
536fbf,STMLR-2,CAMP_DIW_01,P15,3000,"500 Cashback",217,659,659,2500
b68b77,STCBE-0,CAMP_SAN_01,P01,172,"33% OFF",244,368,368,115
434698,STVSK-0,CAMP_SAN_01,P12,62,"50% OFF",39,63,63,31
021d48,STMLR-2,CAMP_SAN_01,P14,1020,BOGOF,61,243,486,510
a386d9,STCHE-2,CAMP_SAN_01,P09,90,"25% OFF",54,50,50,68
b46d32,STMDU-1,CAMP_SAN_01,P04,370,BOGOF,337,1337,2674,185
3af058,STVSK-3,CAMP_DIW_01,P07,300,BOGOF,36,108,216,150
0efde2,STCHE-7,CAMP_SAN_01,P03,200,BOGOF,448,1895,3790,100
80be79,STBLR-4,CAMP_SAN_01,P08,1190,BOGOF,39,156,312,595
879d9a,STBLR-2,CAMP_DIW_01,P15,3000,"500 Cashback",318,915,915,2500
742ad5,STBLR-4,CAMP_DIW_01,P02,860,"33% OFF",357,549,549,576
b2270b,STHYD-0,CAMP_DIW_01,P07,300,BOGOF,52,173,346,150
2e0f86,STMDU-2,CAMP_DIW_01,P12,62,"50% OFF",71,80,80,31
d85264,STMLR-1,CAMP_SAN_01,P07,300,BOGOF,30,120,240,150
34e00a,STCBE-1,CAMP_DIW_01,P11,190,"50% OFF",61,65,65,95
e918c8,STBLR-4,CAMP_SAN_01,P09,90,"25% OFF",66,56,56,68
05d8e7,STMYS-1,CAMP_SAN_01,P12,62,"50% OFF",45,71,71,31
a0da88,STMLR-2,CAMP_DIW_01,P03,156,"25% OFF",204,175,175,117
4c7359,STVSK-2,CAMP_SAN_01,P09,90,"25% OFF",43,35,35,68
f30579,STBLR-9,CAMP_DIW_01,P02,860,"33% OFF",337,488,488,576
bed4b4,STMLR-1,CAMP_SAN_01,P10,50,"25% OFF",13,10,10,38
c8035e,STCHE-3,CAMP_SAN_01,P13,350,BOGOF,122,529,1058,175
8819fd,STBLR-2,CAMP_DIW_01,P04,290,"25% OFF",350,304,304,218
6639a5,STMDU-0,CAMP_SAN_01,P07,300,BOGOF,31,130,260,150
dc23bb,STVSK-0,CAMP_DIW_01,P08,1190,BOGOF,42,145,290,595
df4373,STMDU-2,CAMP_SAN_01,P07,300,BOGOF,33,128,256,150
7c09bf,STVSK-4,CAMP_SAN_01,P10,50,"25% OFF",21,15,15,38
8f512d,STCBE-3,CAMP_SAN_01,P04,370,BOGOF,364,1434,2868,185
eb5927,STMDU-1,CAMP_SAN_01,P06,415,"25% OFF",21,17,17,311
87bb82,STCBE-0,CAMP_SAN_01,P15,3000,"500 Cashback",126,275,275,2500
26e506,STCHE-0,CAMP_SAN_01,P09,90,"25% OFF",72,59,59,68
fe4a15,STCBE-4,CAMP_SAN_01,P01,172,"33% OFF",205,284,284,115
30c488,STTRV-0,CAMP_SAN_01,P01,172,"33% OFF",132,187,187,115
7641,STBLR-1,CAMP_SAN_01,P14,1020,BOGOF,97,257,514,510
dabee8,STBLR-1,CAMP_SAN_01,P05,55,"25% OFF",19,17,17,41
ba86f4,STVSK-1,CAMP_DIW_01,P13,350,BOGOF,61,204,408,175
4236be,STTRV-0,CAMP_SAN_01,P14,1020,BOGOF,70,280,560,510
c43947,STHYD-5,CAMP_SAN_01,P06,415,"25% OFF",39,35,35,311
a617b5,STHYD-4,CAMP_SAN_01,P14,1020,BOGOF,102,410,820,510
d04921,STMLR-1,CAMP_DIW_01,P10,65,"50% OFF",50,68,68,33
e60b61,STMLR-0,CAMP_SAN_01,P06,415,"25% OFF",15,12,12,311
c9fa13,STHYD-4,CAMP_SAN_01,P04,370,BOGOF,403,1567,3134,185
7bb8ed,STCHE-2,CAMP_SAN_01,P08,1190,BOGOF,45,175,350,595
20eb36,STCBE-1,CAMP_DIW_01,P10,65,"50% OFF",80,92,92,33
166ffe,STMYS-1,CAMP_SAN_01,P10,50,"25% OFF",28,20,20,38
985960,STCBE-4,CAMP_SAN_01,P06,415,"25% OFF",21,17,17,311
4dcb0e,STBLR-8,CAMP_SAN_01,P03,200,BOGOF,360,1414,2828,100
f304a8,STMYS-1,CAMP_DIW_01,P04,290,"25% OFF",204,157,157,218
9b5299,STBLR-6,CAMP_DIW_01,P04,290,"25% OFF",360,320,320,218
1130ea,STHYD-6,CAMP_DIW_01,P14,1020,BOGOF,45,155,310,510
0a2689,STBLR-8,CAMP_SAN_01,P12,62,"50% OFF",55,77,77,31
03b653,STCBE-3,CAMP_DIW_01,P02,860,"33% OFF",266,446,446,576
46d796,STHYD-6,CAMP_SAN_01,P07,300,BOGOF,51,205,410,150
d62a10,STCHE-7,CAMP_DIW_01,P13,350,BOGOF,63,242,484,175
380c68,STTRV-1,CAMP_DIW_01,P07,300,BOGOF,29,96,192,150
35418e,STTRV-0,CAMP_DIW_01,P14,1020,BOGOF,21,70,140,510
5f2bb8,STBLR-8,CAMP_SAN_01,P11,190,"50% OFF",45,62,62,95
9.90E+87,STHYD-6,CAMP_DIW_01,P05,55,"25% OFF",117,104,104,41
c25b15,STHYD-6,CAMP_DIW_01,P07,300,BOGOF,63,218,436,150
4f560f,STHYD-0,CAMP_SAN_01,P02,860,"33% OFF",514,791,791,576
0a8543,STHYD-4,CAMP_DIW_01,P01,172,"33% OFF",304,465,465,115
3edc10,STVSK-1,CAMP_DIW_01,P03,156,"25% OFF",246,194,194,117
59effd,STBLR-5,CAMP_SAN_01,P14,1020,BOGOF,97,380,760,510
3b4a4f,STBLR-0,CAMP_DIW_01,P04,290,"25% OFF",337,296,296,218
0ffbbc,STTRV-1,CAMP_SAN_01,P09,90,"25% OFF",30,28,28,68
08086d,STBLR-7,CAMP_DIW_01,P10,65,"50% OFF",120,188,188,33
c5ba9b,STMYS-0,CAMP_SAN_01,P01,172,"33% OFF",279,401,401,115
d953a5,STBLR-1,CAMP_SAN_01,P01,172,"33% OFF",297,418,418,115
be603f,STHYD-1,CAMP_DIW_01,P09,110,"50% OFF",87,92,92,55
a02f06,STMLR-2,CAMP_SAN_01,P04,370,BOGOF,226,881,1762,185
955fa6,STHYD-5,CAMP_DIW_01,P12,62,"50% OFF",161,209,209,31
a42141,STMDU-1,CAMP_SAN_01,P15,3000,"500 Cashback",85,195,195,2500
e716e7,STBLR-7,CAMP_DIW_01,P09,110,"50% OFF",78,117,117,55
4b515c,STVJD-1,CAMP_SAN_01,P02,860,"33% OFF",274,394,394,576
9a1d69,STMDU-3,CAMP_DIW_01,P01,172,"33% OFF",292,373,373,115
79d01b,STHYD-1,CAMP_DIW_01,P11,190,"50% OFF",61,72,72,95
8b729b,STMDU-2,CAMP_SAN_01,P02,860,"33% OFF",319,379,379,576
136c14,STHYD-1,CAMP_SAN_01,P03,200,BOGOF,328,833,1666,100
94cacb,STCHE-0,CAMP_SAN_01,P12,62,"50% OFF",55,79,79,31
5ce72d,STMLR-2,CAMP_SAN_01,P11,190,"50% OFF",24,27,27,95
c873b4,STVSK-4,CAMP_DIW_01,P02,860,"33% OFF",267,389,389,576
b9b7dd,STBLR-3,CAMP_DIW_01,P12,62,"50% OFF",126,157,157,31
fb2c04,STVSK-0,CAMP_SAN_01,P08,1190,BOGOF,28,108,216,595
04f19c,STMYS-0,CAMP_DIW_01,P08,1190,BOGOF,50,146,292,595
3bcf8b,STCHE-6,CAMP_SAN_01,P14,1020,BOGOF,138,547,1094,510
b78a4f,STCBE-3,CAMP_SAN_01,P13,350,BOGOF,99,383,766,175
1b1cf1,STBLR-8,CAMP_DIW_01,P09,110,"50% OFF",61,77,77,55
dc07e1,STMYS-2,CAMP_SAN_01,P06,415,"25% OFF",31,26,26,311
b92097,STCBE-4,CAMP_DIW_01,P03,156,"25% OFF",257,221,221,117
ffb109,STVSK-2,CAMP_DIW_01,P15,3000,"500 Cashback",204,589,589,2500
11578,STHYD-3,CAMP_SAN_01,P14,1020,BOGOF,87,236,472,510
a0017b,STCBE-4,CAMP_SAN_01,P05,55,"25% OFF",16,12,12,41
ac0db6,STBLR-8,CAMP_SAN_01,P06,415,"25% OFF",22,16,16,311
1e8961,STBLR-3,CAMP_SAN_01,P12,62,"50% OFF",61,84,84,31
f957f1,STMDU-1,CAMP_SAN_01,P10,50,"25% OFF",22,18,18,38
a9ae21,STCBE-0,CAMP_DIW_01,P12,62,"50% OFF",80,119,119,31
e5d28d,STVSK-0,CAMP_SAN_01,P13,350,BOGOF,73,282,564,175
4d22d1,STBLR-9,CAMP_SAN_01,P12,62,"50% OFF",52,73,73,31
